emotion	tweet
Anger	Mayor Nene wag kang ganyan buong NCR suspended pero Las Pi√±as hindi? Anong po ang peg niyo?
Anger	Dear ulan, di ka lang nabigyan ng pangalan, kailangan iiyak sa loob ng isang linggo? Di ka na bata. Okay? Grow up.
Anger	RT @NgaNgaDre: Dear China, Diba mahilig naman kayong mang akin? Utang na loob, sa inyo na yung baha. Taos puso naming pinapamigay sa inyo.
Anger	@_YelynaWoo94 adik.nasa marikina kasi yun kaya ayun napasukan ng putik.badtrip!
Anger	RT @nonanochi @kyiepot kaya nga e #itsshowtime magpasikat sa panahon ng tag-ulan. Kainis kang kasama sa tag-ulan #Apple
Anger	Wala nanamang load x)  Sa sobrang baha sa labas wala nang bukas na tindahan -.-
Anger	MAYOR ANO BA!? SABI MO STATE OF CALAMITY ANG PASIG TAPOS HINDI KAMI SUSPENDED?! GULO AH! -__-
Anger	RT @Pakyuuuuuuu: Yung hindi ka makaalis sa sobrang lakas ng ulan.
Anger	"haist kainis baha... baha.... baha.... pero saya enjoy sa pag huli ng fish ""_"" .. adicted!!"
Anger	@IamMarianneG Tiis lang. Bwiset kasi yang ulan na yan e. Hahaha
Anger	OMG. Trending nanaman ang #AcceptAndFollowMeJappo for God's sake. Tumila na nga ang ulan, di parin mamatay matay ang mga jejemon.
Anger	Bubuhos. Titila. Bubuhos. Titila. Bubuhos. Titila. Parang shunga lang yung ulan eh. -_-
Anger	@aavel Kong isa kang sa nagtapon ng BASURA sa labas,wala kang karapatang magreklamo sa BAHA
Anger	RT @IanaNicole16: @jamjes_ Baha pa din hanggang ngayon! XD
Anger	@jiaportic: Baha na naman inside!!!!! Hay nako kakalinis lang eh.
Anger	Kung ganyan parin kalakas ang ulan bukas., hindi na ako papayagan sumama ulit sa volunteer work.. Ulan.. Pls., tumigil kana >.<
Anger	RT @ramonbautista: PAGASA, pangalanan nyo naman yang ulan/bagyo/habagat na yan para pwede natin murahin
Anger	@lycaasentista Ewan.. Paano naman kaya kami makakapasok eh, parang baha na sa may Katipunan. Ughh LRT
Anger	WTF BAKIT PARANG MAS LUMAKAS ULAN SA AMIN
Anger	Nakakaputa yung katabi ko sa jeep kanina. Tangina ang likot. Sagi ng sagi yung kamay sa tagiliran ko. Bwiseeeeet. Kadiri. Pota
Anger	Noong Summer, sobrang INIT. Ngayon naman, OA ng Ulan. What the **** is happening to Earth?
Anger	RT @ogiediaz: Hay, nako, Ulan, Ulan, Ulan...Tandaan mo to: May Araw ka rin.
Anger	RT @colelays94: 'tong Habagat na to feeling Bagyo! Tangina nilalamangan nya si Ondoy e. -,- hayhowp. #PrayForThePhilippines
Anger	San Mateo ano na? Pinagtakipan na ng langit at lupa?? Kami lagi?
Anger	Dear Habagat, Kalma ka lang please. Hangin ka lang. Di ka bagyo. Wag kang ASSUMING.
Anger	@ImPrettyLaisah Punyeta talagang ulan yan!
Anger	The more you hate, the more you love? LOL! Pakshet wala akong pakelam sa love, problema ko kung panu titigil ulan!!!
Anger	LINTIK hindi pa rin ba titigil ung ULAN? diko maclaim ung ticket koo oohhh.....
Anger	Sana nalunod ka nalang sa baha :)) Hayup ka
Anger	RT @PooooLPoL: @cutedevil015 @Marcaidaa @eannaFOREVER @knablaza HINDI KA NAMIN PWEDE PAGBIGYAN!! MAY BAGYO!!
Anger	RT @ChararatNoMore: Yung eksenang ayan! Nag hahangad ka ng suspension ng clase, inumin mo yang baha. jan ka masaya e, #Shutanginabeks @S ...
Anger	Flood flood till when ka mawawala.. I hete you! Ang baho mo pa.. Huhu
Anger	@sosmexyyy @hanaCOOLleen ahaha bitch. lintek na ulan di na tayo natuloy tuloy =))
Anger	#tq Nakakabad trip ang globe. Samahan mo pa ng malakas na ulan. >=( i'm about to break!
Anger	Shit. Under state of calamity ang San Juan. Tumigil ka na kc ulan. Gus2 Q ng pumasok bukas.
Anger	"@clarinnefrance oo nga. Gaguhan. Sinong tanga lulusong sa baha. Wtf!!!"""
Anger	nandito sa labas. punyeta huhu baha naaaa
Anger	RT @carmcurtissmith: Ito ang dahilan sa baha ng Pinas! TAPON Dito, TAPON Don! ! Dapat alagaan natin kapaligiran!! http://t.co/KEKBRVYi
Anger	√¢‚Ç¨≈ì@IndayBanat: Dear HABAGAT KALMA LANG PLEASE, HANGIN KA LANG. HINDI KA BAGYO. HUWAG KANG ASSUMING!√¢‚Ç¨ÔÜù
Anger	@adriellcalip sayang baon .. kayamot naman lakas pa ulan
Anger	May kulog at kidlat pa,ano ba sobra na ang dinudulot ng panahon.hinde naman bagyo! BAHA-GAT lang ay,HABAGAT pala..ang dumi ng tubig dito ..
Anger	"RT @mariamealf: Kung pwede lang maregister ang ""STOP UNLI RAIN send to 8888"" ginawa ko na. Utang na loob ! OA ka na ulan ah. Hindi na ak ..."
Anger	RT @ohlamiyu: imba. Suspended klase sa buong Cavite pero kme my pasok.. >< Cavite dn nman kme ah! Dasma pa nga eh. >:((
Anger	Wtf! First time pinasok house nmin ng baha!!! #disaster
Anger	OH PLEASE TUMIGIL KA NA! #ulan
Anger	RT @IndayBanat: Dear HABAGAT KALMA LANG PLEASE, HANGIN KA LANG. HINDI KA BAGYO. HUWAG KANG ASSUMING!
Anger	YaY ! Umuulan n nman.....kainis..................BAHA Tsk.tsk.
Anger	OLD MCDNLD TUNE: sinong lte ngaanounce edi CEU.May baha d2,May baha duon.ngsuspend,ngsuspend ang ceu ay ndi, sinong lte ngaannounce edi CEU!
Anger	1day suspension is enough. pro 1WEEK? Oh come on!! Daig pa ni Habagat ung nakaraang Ondoy. At NCR pa napagtripan nyang gawing infinity pool?
Anger	RT @PatamaSayo: Ano ba kasing connect nung kakanta ka tapos uulan daw? Ano yun? May tenga yung ulan?
Anger	Tangina ulan, matapos ka na please. Batong-bato na 'ko dito sa bahay. :((
Anger	RT @Pakyuuuuuuu: Ang kati mo naman mas makati ka pa sa pekpek mo!
Anger	RT @IndayBanat: Dinaig pa ng Hanging Habagat ang mga Bagyo. Hiyang hiya naman kami sa iyo!
Anger	lakas nnmn ng ulan!! psaway.. mr. sun silip k nmn!!
Anger	RT @Klaaaang: Bitch, parang kang ulan. MARAMING MAY AYAW SAYO. =))))
Anger	@johnhamprey05 ok naman. Paulit-ulit ung baha ditoooo! Kaurat. Sainyo?
Anger	Yay! Takteng ulan yan, Ngayon lang tuloy nakapgtwitter. T^T
Anger	@polaaaaay pinasok na naman kame ng baha. The fuck!
Anger	Yung mga kuliglig naman kung makasingil ng bayad 50 to 90 pesos :| grabe baha na nga namamantala pa.
Anger	@ronxiao kainis kase, e. Grrr... Nakikisabay sa ulan.
Anger	Takteng ulan yan! Kakabadtrip na!
Anger	RT @filipinYANNA: WALA NAMANG ULAN E. PUTRAGIS.
Anger	I HATE YOU PASIG. BAKIT DI KA PA PASSABLE? :( PANO NA LAKAD KO? :(
Anger	"RT HAHA!! ""Sana pala naanod ka nalang ng baha. Letche ka!! Plastik pakyu ulol...."
Anger	#tq RT @ogiediaz: Hay, nako, Ulan, Ulan, Ulan...Tandaan mo to: May Araw ka rin.
Anger	Boset na ulan!
Anger	RT @WagTanga: Bitch, para kang baha. Madumi na mabaho pa.
Disgust	@Zharvieishere Dito nga sa banyo namin mabaho dahil sa baha eh. Doon pa kaya? Pero mataas naman floor natin, di na siguro affected doon.
Disgust	Ulan. Na naman. Tumigil ka.
Disgust	akoy isang baha na magdadala sayo sa kapwa basura haha
Disgust	RT @ShutangInaBeks: Yung eksenang mukhang fresh na fresh na naman ang paa mo pagkatapos lumusong sa baha. Foot spa levels! #ShutangInaBeks
Disgust	"@IndayBanat: Dinaig pa ng Hanging Habagat ang mga Bagyo. Hiyang hiya naman kami sa iyo!"" --tinalo pa si Ondoy.."
Disgust	RT @imclariceyvhone: @imchelseanicole kaya nga ehh. Mas matindi pa sa Tumana ang flood ko teh..
Disgust	WALA NA NAMANG PASOK SA BUONG ANTIPOLO HAYSSSS
Disgust	"RT @PinoyBookOfLove: ""Wag mo na ipanalanging magpatuloy ang ulan, kung para lang naman sa iyong katamaran."""
Disgust	grabe ang ulan prang ondoy,,,hayhayhay
Disgust	@LuckyMeNoodles ohhhh. Pero tae yang panaginip mo. Taga-Marikina kaya ako -.-
Disgust	May pasok ba bukelz sa Marikina? Tagal mag-announce!!
Disgust	@chiickeenjoyce @pieces_of_art ganun pa rin baha pa rin e. di nga ako makababa.
Disgust	Hindi pa nga tayo naka recover sa baha, may shooting incident na nman sa MSU-Marawi.
Disgust	#tq RT @thekayesalanga: @tommyyman Hahaha! Ayaw :p tapos nako nung Monday. Chos =)) hahaha! Tae kadiri yun malamang naiinom na nila yung bah ...
Disgust	Para kang baha, ang lalim at ang dumi mo. Haha, k.
Disgust	@gurlyrizada im home na bey lumusong ako sa baha yuck hahaha
Disgust	kamusta naman ang pag gamit ng purified water sa paliligo!? mas malinaw pa ang tubig ulan kesa sa tubig ng #manilawater ngayon!
Disgust	Assuming naman tong si Habagat , Hello po , Di po kayo Bagyo wag kang pasikat.
Disgust	RT @PatamaSayo: Para kang baha, nakakadiri ka.
Disgust	#tq @noviearrenf my gush.. ceaseless rain jud perti ka trydor. and ses! it was my first tym na musuung sa baha.. luura!
Fear	ang lakas tlaga ng ulan?........2012 n pla?prng knkabhn n aq,...
Fear	RT @VGloooove: Ingat kayong lahat please :( Manila, Pampanga, Bulacan and etc. ingat kayo.
Fear	Mala-flashflood ang pwersa ng Marikina River, 20.2m as of 3:30 am.  Kuha ng GMA News reporter na si Bam Alegre... http://t.co/w9xHYDCJ
Fear	Sa mga may magandang kalooban, Sunduin niyo na po kami dito sa UNIVERSITY TOWER 1 Moret St. Espanya, Manila. Maawa po kayo samin. Haha üöóüè¢
Fear	@iamnaomiii baha sobra! Above waist level na ata... 'di ko na macheck lakas ng ulan eh. Sinara na namin lahat ng doors and windows.
Fear	RT @upalyansa: Mga Iskolar para sa Bayan, mag-ingat po tayong lahat. Itinaas muli ng PAG-ASA ang RED WARNING SIGNAL sa ulan sa buong Kam ...
Fear	Guys mas malala daw ulan mamyang gabi. Stay safe! God bless!
Fear	ang dilim nanaman ng kalangitan nakakatakot pagbumuhos ang ulan ang lalaki ng patak..
Fear	@zoelogy Eto, ok nmn. Pero ang ulan ay isang delubyo na nagpapabilis ng tibok ng aking puso.
Fear	Ang lakas nanaman ng ulan. #Phobia
Fear	Ayan nanaman si ulan. √ÆÔÜêÔÜç√ÆÔÜê∆í
Fear	@iamtimperez ewan ko ba...ang aga nagising kasi anlakas ng patak ng ulan sa bubong ng bahay ko. Hays. Mas malakas ulan ngyn!!! @_@
Fear	@emzfrancisco @iamwindhen sana safe and dry.sila.duon sis.. Ok naman kami dito. Ninenerbyos lang kasi malapit lang yung baha samin.
Fear	@jackikz Kaya nga eh. Tas sa C.P. Garcia din daw baha na pero di alam saang part. Ingat din kayo jan ha.
Fear	RT @rhea_bratinElla: @moymoypalaboy_1 please RT: pls send rescue to #3 Bayanihan Village Cainta. (0933-3569828). hanggang 2nd floor na b ...
Fear	@thenameisM Dito, hindi kulay putik yung baha eh, tubig ulan. :((( Nakakatakot na..
Fear	Baha sa USTe. Nakakatakot tuloy mag-aral duuun..
Fear	#tq ang dilim nanaman ng kalangitan nakakatakot pagbumuhos ang ulan ang lalaki ng patak..
Fear	RT @carlareal26: need help po, lubog na sa baha, Palatiw,San Miguel, Sta Cruz, Bambang, at Pinagbuhatan area!! @reginevalcasid
Fear	@cristin_SG ingat sis! Magstock ng pagkain... Kala ko hinto na un ulan...
Joy	@aLIANNEdro Magdasal muna tayo na sana wala ng ulan at ligtas yung mahal ko =)) HAHAHAHAHAHAHAH #AWKWARD
Joy	Hahahahaha! Tangina yung picture ng aso na nagsesex na nakalubog sa baha =)) Animals in the Philippines nga naman. Chooos! ‚ò∫
Joy	Tnx God! nawala din ung baha samen :>
Joy	@AyieMadrid ang ulan ba ang pinatatamaan mo FRIEND??? XD
Joy	UST lang talaga ang maganda kahit baha na.
Joy	Thanks Papa God tumigil na yung ulan.
Joy	May nakita kami na tae na lumulutang sa baha maya-maya may naglalakad na tao natamaan niya yung tae =)))))))))))
Joy	RT @caraeriguel: Salamat sa pagsikat ng araw, Panginoon. ‚ô• Mas mapapadali ang paghupa ng baha, at pag-abot ng tulong sa mga kapatid nami ...
Joy	@JobxDesales baha paponta jan. :))) yiee. Nagpopoyat. Oi. Gwa mo na history mo??
Joy	@IntonGarcia di ba sabog tunog? Yung samin nung weekend, sabog.. Okay naman, wala na ulan :) di naman kami binaha so, okay din talaga :)
Joy	@hopefulwriter17 Pero you're excused naman pag baha diba? /:)
Joy	@SweetiLike thank god friend di naman at ung area namin di inabot ng baha pero alert level pa rin some parts baha na
Joy	#BangonPilipinas! Dahil baha. Baka malunod :D
Joy	@Desire_ron Takte may pagasa pko dre!! Wag kang nega =)))
Joy	@IamjandyEbarle Hello ate! Missyoutoo. Baha pa rin po, pero konti nalang. ;) Maulan pa po kasi eh. Kamusta naman po dyan?
Joy	@laralaranne naglakad ako sa baha tapos naghugas nlng. Haha! San sa pasig? Sino si ano? Paturahin mo ko, for free! :)
Joy	@uhndie idol talaga. nagtutwitter parin kahit may baha
Joy	@aubweey mcarthur hway hahaha. Ewan ko lang sa iba ah, sa bayan baha din. Saka sa banga. Di naman ata kayo dun dadaan eh?
Joy	@peydayana bongga ng birthday mo. pa swimming sa buong metro manila. :D happy birthday! :)) stay safe. sobra lakas nnmn ng ulan.tss..
Joy	kahit wala ng ulan at baha.. keep praying pa din tayo guys :)
Joy	@czari24 Oo nga buti tumigil na ulan <3
Joy	RT @tjmusicmonterde: Sa mga di pa naliligo, tubig ulan nalang po tayo :)
Joy	Mainit naba sa Manila. So kelangan na ng Topless na Dp? Lols
Joy	@xaynee haha eto gang bewang ung baha. jan sa inyo ?
Joy	@KenGalang anong cake! San ako kukuha ng cake:-)  hindi pa bumababa yung baha no!
Joy	@HahaHANNNNNAH Snbi daw sa News. All levels ng Pampanga. :) XD
Joy	Wala nanamang pasok sa Paranaque bukas. =))
Joy	"AHAHA. Kaya pala keri lang ng mga Pinoy and baha eh. HEHE"" (Bueza, 2012). http://t.co/7WhE6jEW"
Joy	@jaypeecs yep :) Kalahati na nung Lagusnilad yung baha :| Yung mga schools na nakapaligid sa MaSci, suspended na din :)))
Joy	@aprilleoctav di ko pa alam kung san ako magpaparegister. Baka sa probinsya namin or kung papayagan ako, dito na lang sa QC. :))
Joy	RT @ramonbautista: pag nagka baha rescuing events sa olympics, marami tayong gold
Joy	‚Äú@Garararage: aiyts hmm dko kase alam yan pampanga d ako mashado lumalabas dun haha @YOLO_Zion ah hahaha layo naman‚Äù
Joy	@iCERTIFIEDguia tama! msaya ka na wla nang ulan?
Joy	@vonbance @danikaayzabel Dapat dun na lang sa lugar na may baha. hahaha! Maka buong Laguna naman kasi si Asiong. lol!
Joy	@wohenkeaii @itsjohn10 ung ulan ang solusyon para magsuspend bukas !!!! Haha
Joy	@TwittahUnvrsty Ang klase ngayon nasa Twitter na dahil baha :)) parang home study haha
Joy	@captameRICAA panghugas nanamin ng pinggan yung tubig. pwede namang maligo sa ulan eh. haha
Joy	@camillemantile Masrap nga maligo ehh haha Okay lang.. knina hindi ngayon baha nanaman.. Umulan nanamn ng malakas ehh :|
Joy	ay ondoy lol
Joy	@cjabad19 Yun din alam ko eh! Haha. Kasi may nag tweet na silang Univ lang daw ata may pasok. E sa St. Paul Univ QC siya pumapasok. Luh?
Joy	Noon: Kapag bumabaha, lumikas... Ngayon: Kapag bumabaha, pose sa baha, piktyur tapos upload sa facebook/twitter/instagram... TAMA! :)
Joy	Hindi ko na kailangan marinig yung kulog o marinig yung pagpatak ng ulan, na-uupdate naman ako ng twitter eh. Hahahaha.
Joy	Namiss ko bahay namin sa Cavite! Haha
Joy	Ayan tumahimik din ang ulan :D
Joy	@XianLimm Salamat sa Pamimigay ng Relief IVC Marikina . Yesterday :))
Joy	@Patchuchaaaay Baka hindi na. Hahaha. Sa QC kasi ako e, baha pa yata dun sa underpass sa quiapo. LOOL :)) Taga san ka ba? Excused tayo! LOL.
Joy	"Making kwento to my fambam about the baha in Manila. Haha! Ang daldal ko. My dad was like ""ok. Ang daldal mo na naman."""
Joy	" @TheRealAngeC09 : Eo: d mo pa sinasagot tanong ko lol, hanggang saan ung baha xD"" Justin Tcheng: ""lagpas height mo"" hahaha"
Joy	@aiannanaman nakalakad ako sa putin after ondoy ah :))
Joy	RT @PercyandJason: Yehey bumababa na ang baha... Cainta, Rizal
Joy	Mataas padin ang baha. Pero may kuryente naaa! Yey!
Joy	@supernikka pam patulog ng ulan :) too melanholic nga d b :)
Joy	@itsmealvinm 13th month pay... hahaha... ayos. may training nb bukas ? lakas pa din ng ulan.
Joy	Ang gaan sa pakiramdam pag tumitigil yung ulan.
Joy	Good Morning !! wala ng baha !! :))
Joy	@Jhodesaga Sang ilalim ng lrt mo nanakaw yan? Hahaha
Joy	@luis_lll yahoo wala ng baha sa inyo.
Joy	@OfficialRCHL aus lng din gumagala pa din kahit baha nahaha takecare ka din jan aa baha ba sa inyo ?
Joy	Assuming si Hanging Habagat.. hiyang hiya naman sayo si Bagyong Ondoy hhaha
Joy	@Keytayn Di naman kami pinasok ng baha eh. Garahe lang yung 1st floor eh. Di din pumasok dun =)))
Joy	@iamgemyllie aha! may crush! :)) kamusta kayo dyan? RED WARNING ulet.  malakas nanaman na ang ulan!
Joy	Yung wala ng malakas na ulan? Thank god! :**
Joy	@iellereyes keri lang. HAHA! Dapat nag swimsuit nalang kayo. Tapos swim swim swim nalang sa baha.
Joy	@braveyface sge dude!buti nga tumitigil un ulan ee..kaya humuhupa un baha dito sa labas ng apartment nmen.
Joy	Wala ng ulan :D
Joy	RT @JajaCallMe Buong NCR wlang pasok. Las pinas lang ang meron. I love you Mayor Aguilar <3
Joy	Kauwe lng glng sa adventure sa baha ! :D
Joy	"""BAHA KA LANG, PILIPINO AKO."" <3"
Joy	@iamhnnangela yup! Bukas pa, kakawala lang ng baha dito eh :)
Joy	Sa mga kaibigan ko at followers na around NCR ingat kayo... ^^ #PrayAndBeOptimistic
Joy	Hatawan...Eto ang bakasyon na hindi ka man lang makapag-happy happy (Panay ang ulan eh)
Joy	Kelan kba tlga hihinto ulan?hnd kmi mkalakad...wag muna kmi idelay!!pls lang...ahihihi
Joy	@izza11 @Ayze0ng ow no! Wala akong boots! Heels lang. Lech! Haha. Hindi ba baha sa inyo? Saan ka ba sa QC?
Joy	Aww Pasay wala nang pasok buong linggo. :))
Joy	Kailangan ko na yata tumayo sa gitna ng baha para mas mabilis mawala. #TheEvaporizer. kidding! :).
Joy	@leekyohyo feeling kasi si habagat.. akala nya bagyo na sya.. :D
Joy	@iamgemyllie aha! may crush! :)) kamusta kayo dyan? RED WARNING ulet. malakas nanaman na ang ulan!
Joy	@deankyleang hahaha! Nabasa ko comment mo sa fb. Lublob tga sa baha? :)) pero grbe nga ung nagpost, sna bumaha? Adik siya
Joy	@kaibigangmulto hahah! Sorry naman.. E, sabi nila mahirap lumabas ng subdivision kasi baha na yung mga streets palabas.. Sa dorm ka?
Joy	@jeanxxxxxxxx hahaha =)) di na magsususpend yan... Ganda na ng weather eh, unless baha pa rin...
Joy	@wannabedee @hjculala haha dto ako pasig !
Joy	Wala weak mayor lim hanggang friday sa qc oh manila kaya? lol jk
Joy	@moijessicaanna basta ingat nalang at sana wag na bumuhos ulan para di mastranded :)
Joy	#tq @dasnadine I'm still in manila :)hmm, well the sun is out! That's a good sign. And the warning signals were terninated. Ongoing relief ops
Joy	@MIGOisCOOL Ayun lang, ok lang kung lumilipad na yung bahay namin sa bagyo wag lang mawalan ng kuryente. :)))) Haha
Joy	@awesomarj uu XD pangit ung drainage dito e. konting ulan baha na
Joy	@louis_ijiboy @LIMEade90 depende sa company. kung market nila sa manila siguro? lahat ng events natin sa manila e :)
Joy	@ejaaay Oo daw ee.puchuu! HAHA.baha pa ba intra? bka nman palanguyin pa kami dun.nkow! xDD
Joy	KANGINA HABANG NALILIGO SA ULAN !! :)) http://t.co/38nNTseT
Joy	"√¢‚Ç¨≈ì@parengjoserizal: ""Oh, wala bang balak ang CHINA na angkinin ang baha dito sa Pilipinas?""√¢‚Ç¨ÔÜù HAHAHA BENTA"
Joy	@KSimpauco ahahah =))) ano masama dun? loka!! :> SHEMPRE!!!! nakooo. pag binaha to lugar namen. ibigsabihin LUBOG NA BUONG MANDALUYONG.
Joy	Tinarayan ako ni ati. Tulak kita sa pasig river eh. Hipon naman. Tapon ulo kain katawan! Tumalikod ka na lang teh. :)
Joy	RT @jandekster: here at Cavite. wala na ko pake kung may pasok man bukas. :DD
Joy	#tq Ulan Baki 3 saatlik uykum var senin i√É¬ßin uykumdan feragat edip televizyonun √É¬∂n√É¬ºne kamp kurdum. Asdfg :D
Joy	RT @YoungMinShaiii: @TeeYowPee013 .. Kya nga. Pagktapos ng bagyo. Kulit. Sows. XD
Joy	@iamwillpangan hahahaha. Nakilala ko sa mrt. Lol
Joy	@maganDANI_ kaya nga po kahit may pasok pa Laguna bukas. HAHAHA =))
Joy	@malditangDivine haha onga eh kung pwd lang itigil tong ulan!
Joy	@jcurcia23 ah parang kami din pla dito sa makati. Haha. Cembo kame. Ikaw ba?
Joy	@KatyKate_20 Weh :))) Dito nga baha eh @.@
Joy	@gingrp ahh ako kc pampanga. pero bka di nlng uwi. mgtanong ka muna. be safe! 
Joy	@I_Am_Triciia ndi. Nakakahiya kaya sumakay sa jeep:)
Joy	@iamJasonPerino @JirkoMoko bakit kelangan mo ba ng passport at visa para makapuntang manila? LOL
Joy	RT @jhiebaltazar: Kung ang tubig ulan ay alak. Dyosko, good luck nalang kung magkaroon pa ng baha. HAHAHAHA ~
Joy	#tq @cheecheron mandaluyong.. (ayan hint na yan to all my stalkers).. Lolz jk √ØÀú≈ì
Joy	@chitomirandajr umaaraw na din dito sa manila kahit papano :)
Joy	BAHA KA LANG, PILIPINO KAMI. Hahahah. Mga trip namen eh. Gets nyo baaa? =)))) http://t.co/t4cCIr6t
Joy	@_KYLEOFFICIAL yoko :p hahahaha!jk!wala naman nang baha e
Joy	@Baadet salamat sa Dios d ko nalubog ang paa ko sa baha.
Joy	@victoriasdfghjk @Jastinethinks nawala na si jastine. inanod na ng baha! hahahaha
Joy	Akala ko ikaw yung palutang-lutang sa baha. Plastic pala. HAHAHAHAHA!
Joy	@KrispyKiiim Hahaha kayo? :) baha pa kasi sa field.
Joy	@17yellowstars @eurikai tama!! Ayokong lumusong sa baha no. Hahahaha!!
Joy	@alyannatu @Smiley_Ae @joshestacio12 Sure! Haha. Pano transpo natin? Jeep? Tapos may dala dala tayong donations? Haha :)
Joy	@java_rice94 Alam ko bro. Pero baha diba? Aqua training nalang daw kayo sa morayta paikot espanya. HAHA
Joy	@iamBRETTless wala ng baha dito :) o siya, larga na :D HAPPY BIRTHDAY! :*
Joy	@JanineDriz_ haha o kaya sa manila. Sa letran hahaha!
Joy	@1nicKzero syempre nmn buti nga mejo humina na yung ulan ee :D
Joy	"tsaka narin kapag wala ng baha. hahaha RT ""@abcdEllaine: @neneeengm Tsaka na pag SR na ko :)))"""
Joy	"@SMILE_Boom: @DamnItsAngelaa Good Morning ^_^ kamusta ka?? humupa na ba baha sa inyo? #SMILE"" Gdmoooorning! Yup! Ayos naman. Ingat <:"
Joy	@spaghetTIFF hahaha!! Pero umaambon pa ng konti eh :| goodluck samen, lulusong kami sa baha sa mendiola :))) yung relief operation ng beda.
Joy	Atlast. Natigil na din ang ulan . =))
Joy	@krldvr baha! Di ko sinabing nabasa ako. =))
Joy	.out na ako.. maliligo kaming ulan,.haha:))
Joy	parang yung mga nagkakalat lang na baha na sa UPD ang mga nagkakalat na may pasok na bukas. HAHA
Joy	RT @mickey_0929: @kc_concepcion Dito samen ang mga bata nageenjoy sa baha. Dito sila nagaaral magswimming. Libre lng ala bayad:-) http:/ ...
Joy	Wala akong someone neng! HAHA. Baha padin dyan? @RAARpoms
Joy	Guys, beware maraming plastic ang lumulutang ngayong baha. Check nio, baka isa sa mga friends nio. Hahaha.
Joy	@Rich_Anne_1D Okay naman.. Masaya kahit baha.. :)))
Joy	@iam_snorlax Walang baha dito. Hehe. Sa inyo?
Joy	√¢‚Ç¨≈ì@gidgetdc: @adeluh oo nga po eh, thank u Lord po talaga :) pero habang umuulan kabado...√¢‚Ç¨ÔÜù>>nakakapagtaka nga kasi bumaha wala namang bagyo
Joy	@evangelistarhap Buti di ka lumusong sa baha. :))
Joy	nagtatampisaw sa baha... =))
Joy	@iAlexRosel gagawa ka pa? haha wala na daw baha sa lifehomes makakapasok ako. wala namang assignment sa eco at acctg.
Joy	@IamJVmendoza haha ! ndi nman mxado .. pero knina mLakas yung uLan ..
Joy	@yhem19 mababaliw ako nun. nakaabang ako lagi sa SM Manila HAHAHA
Joy	"@Kiiimboy: Grabe biglang lakas ng ulan. :/ kanina wala naman. Buti nanghiram pa ko ng payong kay @nishylicious. :))"" -- Hahaha! Ingaaat! :D"
Joy	@grachy wala ako lang malayo samin hehehe sa manila mga kamag anak ko.
Joy	@jobujobxjoben @sepligero yung isa biking sa ulan hahaha
Joy	@JayBrzy Nde. matibay yata dito xD haha takot lang ng baha pumasok s bahay nmen xD LOLS. eh jan musta ?|
Joy	@AbcTinabells Lagi naman joke. Lunod kita sa baha =))))
Joy	Oo na! hahaha lahat nalang ng nababasa ko suspended klase sa Laguna haha.
Joy	@dick3rs Sige na nga... Sa baha na lang ako titingin, hindi sa #pekpekshortsFTW mo hehe.
Joy	@mariemadeldal @beaisabelle Magpapaalam ako dito na papasok ako pero pupunta lang akong SM Fairview :D
Joy	@eijaaay ITLOG haha usapang baha kasi puro bodies of water na nasa utak ko eh :P kain!!
Joy	@AlecForeverMe nyaah, hindi naman sa akin yun. sa pinsan ko yan, HAHAHA! sa may Anonas, umalis kami ng bahay nun dahil sa taas ng baha. :)
Joy	"@meeckomeecks hahahahah. :) antay k lng. Di na jeep aawayin nten. Lols.""Bad ka!"". Haahaaha. :D"
Joy	@allannnator Nagpagawa kasing ng house and lot. HAHA chos, nagpagawa ng bahay si pader ditey kaya ayun, sunod kaming lahat. XD (bulacan)
Joy	@airahfrancisco bukas po pnta kme malaca√É¬±ang.. :) nung ondoy po nagvolunteer kme dun eh.. :)
Joy	@Val_Fajardo hindi ba baha sa katipunan ngayon? papasundo sana ko hahaha thanks, Val!
Joy	@mariamealf Thanks for the concern! Hindi bumabaha dito sa part ng Bulacan na'to. Sa dorm, dun ang baha! haha
Joy	@imsimplyraczhel Baha 'te. Hahaha. Rizal park + Ocean park na yun ngayon :))
Joy	salamat at nakauwi na! lakas ng ulan sa may curimao-pinili kanina.
Joy	@_UnfaithfulME ou kaya! hahaha! tiga san miguel talaga ako, dito lang kmi ng kapatid ko sa manila nag aaral :)
Joy	@imluispablo @tinntenn oyyy, matangkad nman ako para sa baha no! Haha.!
Joy	RT @thearbieaquino: All Levels in Laguna walang pasok except Calamba City HAHAHA unfair si Gov. Asiong Salonga
Joy	#tq Mainit naba sa Manila. So kelangan na ng Topless na Dp? Lols
Joy	#tq Finally back in Manila! so happy its nice and sunny √¢Àú‚Ç¨
Joy	#tq @jhooomz naks! Si Jhoms oh pagimik gimik lang kahit lakas ng ulan! Hahaha
Joy	#tq Tnx God! nawala din ung baha samen :>
Joy	@cavillafuertee @jaymeeranda Kami po taga Mandaluyong. Sama kami! :))
Joy	@callmejea sabi baha daw :))
Joy	baha daw sa marikina lampas bata na naka-higa. hahaha joke @TheGreatYooLee love you!!!!
Joy	@judaaai Haha! Oo, synchronized swimming pa sa baha Ateng para mas masaya! XD Bet mo? Oo, nxtsem na! Para manchx na tayo agad! Hahaa! Lol =D
Joy	@strawberrycai baha sa may kanal area, hehe
Sadness	Apalit - Mac Arthur Hi-way. First time bumaha ng ganito.( #floodph  @ Apalit Pampanga http://t.co/8sEcAbgQ 
Sadness	Hello :)......sana mawala na ulan :((
Sadness	@CharHernandez okay pa naman ate. Thank God wala pang baha and sana wala na :(
Sadness	Ano na ang nangyayari sa Pilipinas :( imba ulan daw. :-s
Sadness	@ilovesani I call them na. They are ok though merong patubig sa likod namin kaya umapaw so medyo baha sa labas namin. :(
Sadness	@EllaYeahItsMe :(( Pwede sana kasi may cousin ako sa QC kaso busy yun eh.
Sadness	@aquinokristina @annecurtissmith help Angono Rizal please. They really need it so badly. They have nothing. Inanod lahat ng Laguna de Bai
Sadness	RT @azicorona: Kailan tayo nagka presidenteng anak mayaman na lulusong sa baha? Good job, PNoy. It's sad, though, how our country's batt ...
Sadness	I http://t.co/bjXqmcb1?  http://t.co/PfKFUR4c super pagud lakas ng ulan.
Sadness	sana tumigila na yung ulan dito samin para makauwi na si mommy... :(
Sadness	Pano ba makakatulog sa lakas ng ulan? So sleepy. Pero kailangan mag bantay.:(
Sadness	Yung ulan parang Primetime Bida, WALANG HANGGAN -____-
Sadness	@bebsiebebs Hay mas mataas nyan baha samin, for sure.
Sadness	@itsJUSTmeTINE Sana nga. :( Baha rin dito eh.
Sadness	Sht nman :( Gusto ko tlaga pumunta ng cavite :((
Sadness	hindi na ako natutuwa na walang pasok, lalong lalo na sa panahon. Ang dami nang nahihirapan. :( #PrayForThePhilippines
Sadness	@ISSApandalover ahh. Kawawa naman e yung ulan ngayon parang kahapon din. Tas tuloy tuloy pa
Sadness	@alyngggg aww :( parang ondoy lang -__-
Sadness	Walang magawa. Kalaban ay baha. Hayy  as of 10am today (Mayapis St. SAV Makati) http://t.co/ffpoIrjC
Sadness	@luckymanzano not yet,malaki p din ang baha d2 sa bulacan..particularly here in balagtas...:-(
Sadness	Wala na ulan, pero bakit ang taas ng tubig sa ilog?? :(
Sadness	Ulan =((
Sadness	PAPASOK NA UNG BAHA SAMIN :( #WAGPLEASE
Sadness	@maynilad Wala po kaming tubig sa Cabotage St, Brgy Paltok QC :-(
Sadness	@giselavish Aww. :( Akala ko dahil sa ulan din. Stay safe G!
Sadness	@ellainedayao onga e, khit mas malakas ang Ondoy, mas matagal naman 'to. Sobra na nga ung mga epekto wee.
Sadness	@OptimusPrimalit nakakaiyak na kaya T-T simula tuesday stranded na kami dito sa condo dahil sa baha ar paubos na yung stock na pagkain.
Sadness	@itsELJHEYtld lampas Tao Baha, Parekoy Nakakaawa yung Iba na nalubog yung Bahay :(
Sadness	@joviedbeauty Mojon kami, baha sa subdivision, yung mga staff ko, sa panasahan, crossing, catmon at iba pang karatig areas. kaloka. :(
Sadness	@mallowalow wala na rin dito sa min. sa ibang parte ng marikina ang malala. :( may balita ka kung ano nang situation sa taft?
Sadness	@rbT_Grm @PHClimateX Thanks! Hayan lakas na naman ng ulan :(
Sadness	RT @Gleestersiopao: Ay grabee. Ulan, tigil na please? :(
Sadness	@KatMatienzo May alam ka ba kung saan pwede mag volunteer near Pasig? Ang layo kase pag sa school namin eh :(
Sadness	kala ko wala ng baha, natulog lang ako bumalik na naman yung pool namen -.-
Sadness	kawawa naman ang mga taga NCR :((
Sadness	Parang mas malakas yung ulan ngayon kesa kahapon. Tuloy tuloy pa tong ngayon. :(
Sadness	Grabe, di parin tumitigil yung ulan. Baha padin sa Ma. Clara. :( Di man lang bumaba yung baha.
Sadness	rain please stop na. malapit ng pumasok sa gate namin ang baha :(
Sadness	@RJPaayne ayun nga daw. Ililipat sa laguna yung dlsu manila tas yung matitura dito engineering course na lang -___-
Sadness	#tq @Lianepeeeyy oo nga eh. Sana matapos na ang ulan.√¢Àú¬π
Sadness	@ninapbs sa labas kaya ng village, baha na :(( joke stay safe!!!
Sadness	@kleahmarie wala na :D Mahangin nlang. Pero. Sobra parin baha sa labasan :/
Sadness	Please naman, tama nang ulan. Nawala na nga tubig baha dito eh tuloy-tuloy parin ang ulan ayan tuloy, may baha ulit. Tama na please. ://
Sadness	@ricarics18 I dunno kng mkkpasok na ko bukas.. Chest-deep p dn knina yun baha sa dadaanan ko pa-lrt.. :(
Sadness	RT @iamMichP: Kung alam ko lang na 1 week na mwawalan ng pasok sana di na lang muna ako bumalik dito sa Manila :( Tss!
Sadness	#tq Wala na ulan, pero bakit ang taas ng tubig sa ilog?? :(
Sadness	hays sana tumigil na ung ulan. :(
Sadness	Ulan, FF na kami. Please lang, tama na. Hindi na masaya e.
Sadness	Grabi nato walang katapusan ang ulan haiii kawawa nmn ung iba na babahaan.
Sadness	@iAmCandJun wala ng baha samen :) pero sa mga dadaanan baha pa -.- :( di ko tuloy alam san ako dadaan kpag pumsok:(
Sadness	RT @Krenvrro: @ilovejamich Rescue in Villa Monteverde, Brgy.Nagbalon Marilao, Bulacan. Wlang kuryente at abot 2nd flr. baha! Please help ...
Sadness	MagOOT na dito sa office. Di makaalis dahil malakas ang ulan at superb BAHA! :(
Sadness	nako po ano bang nangyayari, :(( ayaw tumigil ng ulan :((
Sadness	@aeyuuh wala pang inaannounce sa Manila eh. Me too, ditsxy. :( Pray tayo. Ingat ka ha? :-*
Sadness	RT @rayavillaflores: so eto nanaman yung ulan... may pasok pa bukas.. hay
Sadness	@jashrell2 mudrabells! miss na kita :( huhuhu keribells mo pa ba ang ulan dyan???
Sadness	Tagal naman tumigil ng ulan. ? Di na naawa sa ibang tao. AT DI AKO MAKALABAS NG CONDO. :( :)) I'm homesick alreadyyy. http://t.co/Bd0IkBTz
Sadness	@jasminetorio may mga tao dito sa side ng bahay namin feeling ko may gagawin sila, sana humupa na yung baha :(((
Sadness	anlakasss nnman ng ulan :(
Sadness	Ang assuming ni hanging habagat, feeling bagyo. :(
Sadness	Sayang ga effort namin sa pagaaral. Lagi nang suspend. Wala naman ulan. :(
Sadness	@SEVIrussnape No way out of Marikina...gusto ko nga sana tumulong eh...:(
Sadness	@chundick @pendragoned we might evacuate tomorrow :( ang lakas ng ulan dito, bumalik tuloy yung nalimas na baha. kayo?
Sadness	Omg. Hanggang bewang na daw ulet yung baha sa loob ng bahay namin! :( I WANNA CRYYYYYYY
Sadness	Di makalabas :( stranded kami baha hanggang shoulder :(
Sadness	Di bale ng may pasok na ulit.. Tumigil lang ulan :'(
Sadness	@cyrilnijape nung isang araw lang.. kanina raw wala na e first time lang daw na umabot hanggang baywang baha :(( ingat kayo ah!
Sadness	#tq RT @camrynrocks: @EnchancerClaire i cried the first time i saw the photos. manila is such a beautiful town and to see all the beautiful  ...
Sadness	#tq kawawa naman ang mga taga NCR :((
Sadness	#tq sana tumigila na yung ulan dito samin para makauwi na si mommy... :(
Sadness	#tq Huhuhu sana mag stop na ulan :( kawawa namn yung mga binabaha
Sadness	@khaibacolod Red Warning nanaman sa Metro Manila according to DZMM. :(
Surprise	@ryanDqt hey you made it! Nakalabas ka ba ng airport? Baha everywhere!
Surprise	Nahiya naman ako bigla sa mga kasakay ko sa jeep! Habang balot na balot ng plastic ang aking talepano sila naman bold na bold!! Taaaray
Surprise	RT @playalovegame: wow pati katipunan baha na :( For real?! Wala sa guni- guni ko ang bahain jan!
Surprise	Ganda ganda ng higa ko dito sa kwarto... Tapos pagbaba ko baha na pala. Wow.
Surprise	Oh my! Baha pa din..at walang tigil ang pag.ulan :( #prayforPhilippines
Surprise	#tq Wow! Baha na tuloy tuloy padin :D http://t.co/bsA32DET
Surprise	kaloka.. wala ngang baha sa labas .. bumabaha naman sa rooftop o_O ..
Surprise	RT @BtrzBravo: Wow, emo ng Globe. Ayaw makisama. Nakiki-sabay sa habagat na feeling bagyo?!
Surprise	@victorvonvitug ay grabe ka! #RescuePH #ReliefPH
Surprise	#tq RT @DTM_LillboyJANG: So its true, SNOW in AFRICA! Wow! Flood n Philippines, Earthquake in LA, Volcanic Erruption in NZ! Wat else? http:/ ...
Neutral	@anjellerej Kayo mag-ingat! Nakooo, buti tumigil na yung ulan. Huhupa na yan.
Neutral	RT @Banatero101: Baha ka lang, Pinoy ako! #bangonPilipinas
Neutral	@Kysleee monitor nyo din tubig jan .bka pasukin din kayo ng baha .pray lang tayo
Neutral	RT @BoyHaveyTweets: Huhupa rin ang BAHA, Matutuyo rin ang LUPA, Titigil din ang PAG LUHA. Magdasal lang at si GOD ang BAHALA. :) #bangon ...
Neutral	Laban haring araw!!! Ikaw ang pagasa!
Neutral	... ini-akyat na ulit sa RED ALERT ang METRO MANILA dahil sa walang hintong pag-ulan... help us GOD...
Neutral	"RT @ryan_chua: Attn sa mga nasa Marikina: ""@YouAreJenieveve: Kailangan po ng volunteers na tutulong sa Sports Center ngayon. RT! @ryan_chua‚Äù"
Neutral	@Karen_DaviLa mam karen bahay na din po dito sa amin sa baliwag bulacan hanggang hita napo ang tubig more power sa bandila
Neutral	@elleCee14 nadali pla kayo ng baha. tga san k b ? XD eto, normal padin, d nman kc masyado naapektuhan. di kasi nabaha dto. thanks GOD.
Neutral	RT @PINOY_QUOTES: PRAYER = ay isang power na sandata na walang makakahigit pa. #PrayForThePhilippines
Neutral	@carlareal26 @reginevalcasid relax lang po ate. rescue teams are on their way. buong pasig po nangangailangan ng tulong eh. keep safe po.
Neutral	Umaaraw, umuulan....  Naniniwala ako bukas wala ng ulan kasi sumisilip na yung araw :(
Neutral	@AlexJabson Hehe with the face. =)) That's good! Magssubside din yan, mahina na rin naman ulan. Tiwala lang! :)
Neutral	"@jojagpangan ""Huhupa rin ang BAHA, Matutuyo rin ang LUPA, Titigil din ang PAG LUHA. Magdasal lang at si GOD ang BAHALA. :)"""
Neutral	RT @bridomingo: Baha ka lang. PILIPINO AKO!!
Neutral	#bangonPilipinas #reliefPH #rescuePH
Neutral	Baha lang yan, kaya natin yan. #bangonPilipinas
Neutral	#tq @AlexJabson Hehe with the face. =)) That's good! Magssubside din yan, mahina na rin naman ulan. Tiwala lang! :)
Neutral	Kung ngang yung mga taong nasalanta ng bagyo kayang ngumiti. Sino ka para sumimangot??? Smile. #TheFilipinoSpirit
Neutral	@_iamsuperKJ sus. huhupa din yan ala na ulan
Neutral	RT @MisterBanatero: Ang TIWALA parang pagsakay sa JEEP. Hindi lahat nasusuklian kaya huwag kang mag bigay ng BUO.
Neutral	RT @iKowtstagram: BAGYO lang ang SUMUSUKO hindi tayong mga PILIPINO. #bangonPilipinas
Neutral	RT @lexifernandez95: sa baha. Maging responsable na sana tayo nang hindi na maulit ito. Kaya naman natin, eh. Disiplina lang. Para sa at ...
Neutral	salamat Lord tapos na po ang malakas na ulan. sana ok lang kayong lahat..
Neutral	RT @alicestunner: Tinangay na ng baha yung mga plastic. Pero, ba't nandyan ka pa? Tatag natin ah.
Neutral	@direklauren sana makuha si karen reyes para mag volunteer sa mga biktima ng baha ,makakatulong sya salamat po
Neutral	"RT @PinoyBookOfLove: ""Wag ka ng magalala , Hindi niya tayo papabayaan."" - God #bangonPilipinas #reliefPH #rescuePH"
Neutral	RT @IndayBanat: BAGYO lang ang SUMUSUKO hindi tayong mga PILIPINO. #bangonPilipinas
Neutral	Walang baha ang makapagpapa-suko sa mga pinoy. Aahon tayo ng buo at nakangiti. #LahiNgMatitibay #staysafe everyone. √¢Àú¬∫
Neutral	RT @IndirectPatama: Yung kahit anong lakas ng ulan, lalo lang lumalakas ang sambayanang Pilipino #bangonPilipinas
Neutral	#PrayForThePhilippines Nawa'y maging ligtas ang karamihan at ang mga nasalanta ay matulungan. #fb
Neutral	@raividanes prayer brigade, 8:30 pm, para sa lahat ng Flood victims :)
Neutral	#tq RT @NatashaGerona: The rain is strong, but our prayers are stronger. #PrayForThePhilippines
Anger	"#tq RT @Ellestrada: ""Manila is known for it's slums"" - @CNN London. ARE YOU FUCKING SERIOUS. Then fucking London is known for it's bad denta ..."
Anger	RT @_CallMeReRe_: ‚Äú@_SavageBoii: #Lrt NO FUCKIN BULLSHIT‚Äù hahahahahaha
Anger	That Tweet was TOO Fckn REAL #LRT
Anger	Sheet Ness Laks Ng Ulan Tas Laki ng  Baha ..!  SHett STop THes Madness :l
Anger	#Lrt oh foreal? ard say nomore!!!!!!!
Anger	RT @mcmorco: President being criticized for taking an army truck to visit flood victims, & for smiling. WHAT DO YOU WANT HIM TO DO,  ...
Anger	‚Äú@heyyyyLuis: Holy shit ! this is pasig. http://t.co/7K3D4kMV‚Äùondoy all over again :(
Anger	#LRT that's wtf I'm talking about brother:) fucks with it!
Anger	RT @AngeliPV: Lord Jesus NO WEAPON FORMED AGAiNST MARIkiNA will PROSPER! We declare NO devastation, NO ... http://t.co/gaTXVwSz
Anger	@1st_ladiee iight i'm gone fuck that Jeep up
Anger	"RT: @aprilvalmadrid the anchor on CNN London just said that ""Manila is a city famous for its slums"" #ouchthathurts -->You go to hell!"
Disgust	Bun.og after na bangga ang jeep akong gi sakyan! üò±üò≠üò† http://t.co/oXIp3GDY
Disgust	My god.. mrt no seat
Disgust	RT @ohempakyu: Arte neto. Lunod kita sa baha e
Fear	RT @lusciousroch: @ChaDaoTeaPlace pa RT:  family trapped inside house and flood is rising. Address is 184 Pineville ave, lawa, meycauaya ...
Fear	@punjaaaBER call ob. State of calamity na daw San Juan.
Fear	RT @djtonytoni: Pls don't take C5 flyover to ortigas-tiendesitas is under water!! Don't risk using it!
Fear	@TdArcangues @iamlanie22 @nirvadel @sam_ocd i'm more worried 4 my family. i'm not w/ them, and d flood is getting deeper in their place.
Fear	@beestow scary if stormy. and right beside manila bay pa! lol.
Joy	#Lrt Glizzy got a couple cool song i guess
Joy	@XsuperASHLEY yes chingu ^_^ tsaka for sure baha sa perpz ^_^
Joy	If's official. I'm being followed by a mall Thank you @shOpryMills Glad yer comin' back strong from the flood!
Joy	RT @3ioni: To all the donors and volunteers helping the Filipino people affected by floods, Mabuhay kayo! #Philippines #floodsPH
Joy	Flying panda at Airforce City, Clark Field Pampanga Hot Air Balloon Festival!:) http://t.co/e07f1r85 #retweet #cute #hotairballoon
Joy	#LRT: AND he still winning. #Boaw
Joy	if you don't mind,can you find where I am here and can you please count us?hahaha. Proud to be SAN JUAN. Family Reunion http://t.co/9k2JSo90
Joy	RT @BruroMars: #bangonPilipinas #reliefPH Keep Safe Filipinos! Thanks Mr. Sun! Pray for the Philippines!
Joy	RT @ShiroUnlimited: Finally! Hello Mr. Sun! We've made it Filipino people! Kudos to the Philippine Army! :) #BangonPilipinas #reliefPH h ...
Joy	thanks to those who showed concern for my country #PrayforthePhilippines
Joy	RT @pattigrand: Bring out the sunshine, Manila :) http://t.co/0VryCTbi
Joy	RT: @kalihuff thank you so much Lord for guiding me away from the flood...
Joy	#LRT she IS NOT playin wit yall lol
Joy	@karenehowell  hi!!:) please follow @kristindaily! (laguna beach, the hills) U wont regret it #teamkristin Please RT spread the word.
Joy	@azuredestiny29 i saw :s will find another way home nalang haha or stay somewhere til the flood subsides. thanks Charm! :) take careeee
Joy	Epekto ni Ulan. =\\ #Bored. Hahaha. http://t.co/IuaoRvDA
Joy	@tinyapyuco @BubblesMagpayo at least si bayani engineer so kaya nya marehabilitate marikina with the flooding eh damay na kami dun üòä
Joy	Lmao That Sgit had me #Weak #LRT
Joy	RT @jboygonzalessj: Ateneo HS #reliefPH kitchen: Food meals produced this am is 4,200. Thank you very much for those who donated and vol ...
Joy	Again, THANK YOU to everyone who retweeted and tried to contact my sister in law. They're ok now. Flood subsided. God bless you all.
Joy	@gretchenfullido thankyou for the updates this is most valuable information to know from Aust. We have family in Manila, take are all
Joy	"RT ""The baha is so clear.., like Evian..."" hahaha :))"
Joy	Good Weed, Cold Drinks:) #ShitIsComplete Baha
Joy	@cheecheron mandaluyong.. (ayan hint na yan to all my stalkers).. Lolz jk üòú
Joy	RT @deanemgl: Flood has gone down significantly here in Ortigas Extension and its really sunny out here :)
Joy	üòÇüòÇ omg I'm really cracking up at my LRT
Joy	With Tondo Girl Mey! :)))) #Mey #GoCpac http://t.co/D93qrDWJ
Joy	#LRT >>> i was just talking about that with my mom yesterday! #lol
Joy	LOOOOOOOOOOL #LRT
Joy	kudos to the 12,000 bilibid inmates who chose to skip a meal just to donate to the flood victims! The Filipino Spirit! :)
Joy	Stranded but my dad found me and thank you two guys for helping out where my Jeep died
Joy	RT @TheMarriene: Glad to hear that the sun is now shining in some parts of Metro Manila. ‚òÄ Get well soon, Philippines. üòâ
Joy	#lrt, LMFAOOOOOOOOOOOOOO üòÇüòÇüòÇüòÇüòÇüòÇüòÇ I really hate to be mean but that literally made me LOL.
Joy	RT @ANCALERTS: #UGC RT @annisshaa @ANCALERTS everything good here in nagcarlan laguna ) http://t.co/kmSGuHp0
Joy	My LRT , TOO FCKN FUNNY ; y'all check it out !
Joy	RT @MMDA: Thanks to the efforts of Maynilad and the City of Manila, Lagusnilad is now fully passable as of 11:20PM.
Joy	Manila Bound tomorrow w/ @ShantiLerner13 yeyyy :)
Joy	RT @brandlingvilla: Flood over. Awesome foamy returns. Open from 5pm today.... http://t.co/aoZv9cIj
Joy	RT @petitedungarees: Okay. This made me laugh. https://t.co/im5cIAdC @jeeveswilliams Philippines looks like this now. BAHA/FLOOD
Joy	Finally back in Manila! so happy its nice and sunny ‚òÄ
Joy	@Billy Corgan rocking Manila despite the rains and floods! Now how cool is that?!? #SPPH #SPOceaniaTour http://t.co/nHh28niS
Joy	"RT @Julia_Snieg: Yes migs thank u!!!""@MariHenud: Thank you @migznolasco to give us @CableCarPh as venue to drop of goods! #reliefPH"""
Joy	@dasnadine I'm still in manila :)hmm, well the sun is out! That's a good sign. And the warning signals were terninated. Ongoing relief ops
Sadness	@celzalejandro Yeah huhu I saw some Tweets about that. D: And yeah people from near where I live tweeting photos of the flood. @-)
Sadness	@iLOV3mark Woah. Hmmm dito sa Makati, suspended ulit all levels. That ain't good either :(
Sadness	Oh no! Not Pasay! Huhuhu
Sadness	"Aww :( ""12,000 prisoners in Muntinlupa jail gave up their meals yesterday so that the food could be donated to flood victims.‚Äù"
Sadness	"@erwanjheussaff: A fog is taking over makati"" yup sobra sobra :("
Sadness	@shineelover0130 Saan ka? How are things there? :( Baha pa din?
Sadness	#18ThingsIWant.. For the rain and the flooding to stop in the Philippines :/ #PrayForThePhilippines
Sadness	‚Äú@_ayybriana: my lrt, like only if oomfs was like that.‚Äùbut I am?üò¢üò¢üò¢üò¢üò¢üòÅüòÅüòÅüíîüíîüíîüíî
Sadness	I really am excited for the new jeep even though I'm sad about my baby :(
Sadness	RT @lwalubengo: I cant even imagine the scale of the flooding in the Philippines' capital Manila. 800k people evacuated... say a prayer  ...
Sadness	UST on flood. Keep safe everyone. :( http://t.co/7bgE1M5D
Sadness	My mom's stranded in C5 southbound =(
Sadness	omg its going to flood in our house again :((
Sadness	All roads to our place in Fairview is no longer passable. Staying over at someone else's place again :( #fb
Sadness	Will report to work tomorrow! Sayang 2days na absent dahil sa baha! :(
Sadness	Fudge. My cousins are on my way here. SUPER baha na kasi :( Gosh. Keep them safe, Lord
Sadness	Even if there will  be a classes tomorrow, still few of my classmates cant make it bcoz their uniforms are wet due to flood. :(
Sadness	@thewantedmusic not really :( please pray for the Philippines. Flood everywhere
Sadness	RT @OFFICIALMLTR: Our thoughts is going to the Philippines right now, that is struggling with a major flood.  We saw some pictures... ht ...
Sadness	#Lrt I don't have shit to do , Imma be laid up in my bed all alone :(
Sadness	RT @ailovegie: @keancipriano @1migueldeguzman  OBANDO BULACAN FLOOD VICTIMS THEY NEED HELP :( Please RT this . Thanks guys . #rescuePH # ...
Sadness	RT @ohjenlam Huhuhu, #PrayForThePhilippines
Surprise	Omg! He braved d flood jus 2 giv u food? Now eatwell RT @IcaTamis Wooow! Thanks for the food!:) naiiyak ako. Haha #tolits #husbandofmycousin
Surprise	OH MY GOD watching the news WEST FAIRVIEW, QC ghost town :O
Surprise	No please?! Don't suspend in Manila! Omg!! I wanna go to school!! Rain rain go away!
Surprise	RT @_anikalol: Amazing ‚Äú@the_green_mind: 12,000 prisoners in Muntinlupa jail gave up their meals yday so that the food could be donated  ...
Surprise	@NerdyBojangles baha omg cx. It's like wizardry for faggots,Harry Fagger and the Faggots xD
Surprise	It's amazing how Singapore is so hot & dry while Philippines is submerged in water. It's like two different planets. #PrayforthePhilippines
Surprise	"@youthdawnbreak_: ""@heyyyyLuis: Holy shit ! this is pasig. http://t.co/RsgG4WNJ"" wow grabe na tong rainfall na to"
Neutral	RT @superYruj: RT @damnitstrue God I rest assured that YOU are bigger than any flood, any storm, any typhoon, any tragedy, any problem w ...
Neutral	#LRT , so true ... But I always stick with my mind ...
Neutral	RT @holywords: Its the perfect time to say to Your BIG STORM that you have a BIGGER GOD. #PrayForThePhilippines
Neutral	@CassadeePope: My thoughts are with you, Manila. Love you all so much.
Neutral	RT @JSanchezAI11: #PrayForThePhilippines
Neutral	RT @GawadKalingaHQ: Prayers goes out to our relief teams who are braving the rains to send much needed goods to areas that need them the ...
Neutral	@neilhimself Please help us spread news.My country need prayers for the flood to recede soon.Thank you  #PrayforthePhilippines
Neutral	Hello guys! Pls Be safe the rains will still be the same as yesterday per PAGASA advisory. Let's all pray & magtulungan po tayo. INGATS :)
Neutral	RT @the_green_mind: 12,000 prisoners in Muntinlupa jail gave up their meals yesterday so that the food could be donated to flood victims.
Neutral	RT @RealAGarfield: Thought I would give a tweet to Philippines who are hanging on through this tragedy... #PrayForThePhilippines
Neutral	#18ThingsIWant 01] the flood in Philippines to die down and hope that everyone is alrite.
Neutral	#PrayForThePhilippines
Neutral	RT @Godstagram: Snow in Africa, Drought in USA, Flood in Manila, Volcanic Eruption in New Zealand and Earthquake in California. Trust Go ...
Neutral	"RT @ShiroUnlimited: ""Baha ka lang, PILIPINO AKO!"" God Bless the Philippines! Keep the Filipino Spirit ALIVE! #bangonPilipinas #reliefPH  ..."
Neutral	RT @Godstagram: I hope to see you tomorrow Morning. God is Good. Keep on Praying everyone. #PrayForThePhilippines http://t.co/rd8aUYzN
Neutral	RT @BruroMars: Mr. Sun is loading. keep on praying! #PRAYforthePhilippines #BangonPilipinas http://t.co/Il6ivbQF
Neutral	RT @NatashaGerona: The rain is strong, but our prayers are stronger. #PrayForThePhilippines
Neutral	RT @damnitstrue: God I rest assured that YOU are bigger than any flood, any storm, any typhoon, any tragedy, any problem we can ever face.
Neutral	Father, stop sending us the rain. We need lots of sunshine now dear Jesus. I pray in Jesus' name for good weather, #PrayForThePhilippines
Neutral	Snow in Africa, Drought in USA, Flood in Manila, Volcanic Eruption in New Zealand and Earthquake in California. Trust God #PrayForTheWorld
