tagalog,reference,translation,inference_time,BLEU-1,BLEU-2,BLEU-3,BLEU-4,ROUGE-1,ROUGE-2,ROUGE-L,METEOR,BERTScore-P,BERTScore-R,BERTScore-F1
Tukuyin ang uri ng function na y = x^2 + 3,Identify the type of the function y = x^2 + 3,Identify the type of function \(y = x^{2} + 3\).,0.753154993057251,0.6333861926251716,0.43707799729361313,0.35092110088913325,0.27338535134616687,0.9473684210526316,0.823529411764706,0.9473684210526316,0.4399925107657742,0.8952323198318481,0.9021672010421753,0.8984151482582092
Ibigay ang pinaka-malamang na resulta ng sumusunod na equation.,Provide the most likely result of the following equation.,Give the most likely result of the following equation.,0.8337845802307129,0.8888888888888888,0.8819171036881969,0.8735804647362988,0.8633400213704505,0.8888888888888888,0.875,0.8888888888888888,0.8880208333333333,0.8952323198318481,0.9021672010421753,0.8984151482582092
"Ang Iron Man, na kilala rin bilang Tony Stark, ay isang sikat na karakter mula sa Marvel Cinematic Universe.","Iron Man, also known as Tony Stark, is a popular character from the Marvel Cinematic Universe.","Iron Man, also known as Tony Stark, is a famous character from the Marvel Cinematic Universe.",0.4588160514831543,0.9375,0.9013878188659974,0.8610519204589447,0.8153551038173115,0.9375,0.8666666666666667,0.9375,0.9363888888888889,0.8952323198318481,0.9021672010421753,0.8984151482582092
"Ang pagpapanatili ay tumutukoy sa kasanayan sa pagtugon sa mga pangangailangan ng kasalukuyang henerasyon nang hindi nakompromiso ang kakayahan ng mga susunod na henerasyon na matugunan ang kanilang sariling mga pangangailangan. Kabilang dito ang responsableng paggamit at pamamahala ng mga likas na yaman sa paraang hindi nagdudulot ng pangmatagalang pinsala sa kapaligiran. Ang kapaligiran ay ang natural na mundo sa paligid natin, kabilang ang hangin na ating nilalanghap, ang tubig sa ating mga ilog at karagatan, at ang lupang ating tinitirhan. Ang pagpapanatili at kapaligiran ay malapit na nauugnay dahil ang kalusugan ng kapaligiran ay kritikal sa pagpapanatili ng buhay sa Earth. Ang kapaligiran ay nagbibigay sa atin ng mga mapagkukunan na kailangan natin upang mabuhay, tulad ng pagkain, tubig, at tirahan, at nakakatulong din ito upang makontrol ang ating klima at magbigay ng tirahan para sa iba't ibang uri ng mga halaman at hayop. Ang mga kasanayan sa pagpapanatili ay naglalayong protektahan ang kapaligiran sa pamamagitan ng pagbabawas ng mga emisyon, pagpapanatili ng biodiversity, pagpigil sa polusyon, at paggamit ng mga nababagong mapagkukunan sa isang napapanatiling paraan. Sa pamamagitan ng pagpapatupad ng mga kasanayang ito, makakatulong tayo upang matiyak na ang kapaligiran ay nananatiling malusog at kayang suportahan ang buhay para sa mga susunod na henerasyon. Sa buod, ang ugnayan sa pagitan ng sustainability at kapaligiran ay isa sa interdependence, kung saan ang sustainability ay nakakatulong upang maprotektahan at mapangalagaan ang kapaligiran, habang ang kapaligiran ay nagbibigay ng mga mapagkukunang kailangan para sa buhay sa Earth.","Sustainability refers to the practice of meeting the needs of the present generation without compromising the ability of future generations to meet their own needs. This involves the responsible use and management of natural resources in a way that does not cause long-term damage to the environment.The environment is the natural world around us, including the air we breathe, the water in our rivers and oceans, and the land on which we live. Sustainability and the environment are closely linked because the health of the environment is critical to sustaining life on Earth. The environment provides us with the resources we need to survive, such as food, water, and shelter, and it also helps to regulate our climate and provide a habitat for a wide variety of plants and animals.Sustainability practices aim to protect the environment by reducing emissions, preserving biodiversity, preventing pollution, and using renewable resources in a sustainable manner. By implementing these practices, we can help to ensure that the environment remains healthy and able to support life for generations to come. In summary, the relationship between sustainability and the environment is one of interdependence, where sustainability helps to protect and preserve the environment, while the environment provides the resources necessary for life on Earth.","Sustainability refers to the practice of meeting the needs of the present generation without compromising the ability of future generations to meet their own needs. It includes the responsible use and management of natural resources in ways that do not cause long‑term damage to the environment. The environment is the natural world around us, including the air we breathe, the water in our rivers and oceans, and the land on which we live. Sustainability and the environment are closely linked because the health of the environment is critical for sustaining life on Earth. The environment provides us with the resources we need to survive—such as food, water, and shelter—and also helps regulate our climate and offers habitats for a wide variety of plant and animal species. Sustainable practices aim to protect the environment by reducing emissions, preserving biodiversity, preventing pollution, and using renewable resources in a sustainable manner. By implementing these practices we can help ensure that the environment remains healthy and capable of supporting life for future generations. In short, the relationship between sustainability and the environment is one of interdependence: sustainability helps protect and preserve the environment, while the environment supplies the resources necessary for life on Earth.",0.8245494365692139,0.8497327663066586,0.7968468339348729,0.7495622474452923,0.7084008978107672,0.9346246973365617,0.851581508515815,0.929782082324455,0.8546878272682119,0.8952323198318481,0.9021672010421753,0.8984151482582092
Magmungkahi ng isang aksyon na maaaring gawin ng isang organic na tindahan ng pagkain upang mabawasan ang epekto nito sa kapaligiran.,Suggest one action that an organic food store can take to reduce its environmental impact.,Propose an action that an organic food store could take to reduce its environmental impact.,0.5851099491119385,0.8,0.7559289460184545,0.7058344672919595,0.6475445426291286,0.8000000000000002,0.7142857142857143,0.8000000000000002,0.7981481481481484,0.8952323198318481,0.9021672010421753,0.8984151482582092
Alamin ang isang bagay na kawili-wili tungkol sa Apollo 11 moon mission. Ilabas ang sagot sa isang pangungusap.,Find out something interesting about the Apollo 11 moon mission. Output the answer in one sentence.,Find an interesting fact about the Apollo 11 moon mission. Provide the answer in a single sentence.,0.41486501693725586,0.7058823529411765,0.5557189302262113,0.4686655621328207,0.38538569180303145,0.7272727272727272,0.45161290322580644,0.7272727272727272,0.7183833678398895,0.8952323198318481,0.9021672010421753,0.8984151482582092
Gumawa ng malikhain at nakakaakit ng pansin na pamagat para sa isang artikulo tungkol sa nangungunang 5 AI startup.,Create a creative and attention-grabbing title for an article about the top 5 AI startups.,Create a creative and eye‑catching title for an article about the top 5 AI startups.,0.5108680725097656,0.9333333333333333,0.8944271909999159,0.8505807405659803,0.8003203203844999,0.875,0.8000000000000002,0.875,0.9319727891156462,0.8952323198318481,0.9021672010421753,0.8984151482582092
Alamin kung anong taon pinagtibay ang Konstitusyon ng US.,Find out what year the U.S. Constitution was adopted.,Find out which year the U.S. Constitution was ratified.,0.39971423149108887,0.7777777777777778,0.6972166887783963,0.5928155507483438,0.5133450480401704,0.8000000000000002,0.6666666666666666,0.8000000000000002,0.7687074829931974,0.8952323198318481,0.9021672010421753,0.8984151482582092
"1. Maaari mo bang kunin ang lahat ng mga entry sa talahanayan ng Mga Item at ipakita ito sa alpabetikong pagkakasunud-sunod batay sa pangalan ng item? 2. Ilang mga item sa talahanayan ng Mga Item ang may presyong higit sa $50? 3. Maaari mo bang i-update ang presyo ng item ng isang partikular na produkto sa isang bagong halaga sa talahanayan ng Mga Item? 4. Posible bang alisin ang lahat ng item mula sa talahanayan ng Mga Item na may dami na mas mababa sa 10? 5. Mahahanap mo ba ang average na presyo ng lahat ng item sa talahanayan ng Mga Item, na nakapangkat ayon sa kategorya ng produkto?","1. Can you retrieve all the entries in the Items table and display it in alphabetical order based on the item name? 2. How many items in the Items table have a price above $50?3. Can you update the item price of a specific product to a new value in the Items table?4. Is it possible to remove all items from the Items table with a quantity less than 10? 5. Can you find the average price of all items in the Items table, grouped by the product's category?",,0.8043212890625,0.0,0.0,0.0,0.0,0.0,0.0,0.0,0.0,0.8952323198318481,0.9021672010421753,0.8984151482582092
Bumuo ng angkop na input sa sumusunod na pagtuturo: Bumuo ng mungkahi ng damit para sa isang summer night out.,Construct an appropriate input to the following instruction: Generate an outfit suggestion for a summer night out.,Generate an appropriate input for the following instruction: Create a clothing suggestion for a summer night out.,0.6173703670501709,0.7647058823529411,0.6913328984437151,0.5760738301029461,0.44989059537501197,0.7647058823529412,0.625,0.7058823529411765,0.7535676992690568,0.8952323198318481,0.9021672010421753,0.8984151482582092
"""Revolvea""","""Revolvea""","""Revolvea"" – This is a proper noun/brand name, so it remains the same in English.",0.3957393169403076,0.06666666666666667,0.02182178902359924,0.015415080049095213,0.013217947626377298,0.125,0.0,0.125,0.20833333333333337,0.8952323198318481,0.9021672010421753,0.8984151482582092
"Isulat muli ang pangungusap para maging mas pormal: ""Pupunta sa tindahan bukas""","Rewrite the sentence to make it more formal:""Going to the store tomorrow""",Rewrite the sentence to make it more formal: “Will go to the store tomorrow.”,0.714423656463623,0.7142857142857143,0.6629935441317959,0.6034799807023054,0.5316967153331754,0.962962962962963,0.8799999999999999,0.962962962962963,0.8163934426229508,0.8952323198318481,0.9021672010421753,0.8984151482582092
Ano ang kasalukuyang kalagayan ng mga pinagkukunang enerhiya na maaaring ma-renew at paano sila ginagamit sa mga residensyal at komersyal na mga setting?,What is the current state of renewable energy sources and how are they being utilized in residential and commercial settings?,"What is the current status of renewable energy sources, and how are they used in residential and commercial settings?",0.46024608612060547,0.7989300884348944,0.7108532560101386,0.6087623596787268,0.480957215892887,0.8717948717948718,0.7567567567567567,0.8717948717948718,0.7977386934673367,0.8952323198318481,0.9021672010421753,0.8984151482582092
Piliin ang lahat ng mga tag ng paglalarawan mula sa HTML code na ito.,Select all the description tags from this HTML code.,Select all description tags from this HTML code.,0.43648290634155273,0.8824969025845955,0.8170333703998377,0.7323193453782223,0.6752918218126556,0.9411764705882353,0.7999999999999999,0.9411764705882353,0.8918539325842695,0.8952323198318481,0.9021672010421753,0.8984151482582092
"(Nagpapatugtog ng upbeat na musika sa background) Narrator: ""Sa mabilis na mundo ngayon, madaling hayaan ang ating kalusugan sa likod ng upuan. Ngunit alam mo ba na kahit isang maliit na halaga ng pang-araw-araw na ehersisyo ay maaaring magkaroon ng malaking epekto sa iyong pangkalahatang kabutihan? "" (Visual: Tao na nagjo-jogging sa isang parke) Narrator: ""Ang pisikal na aktibidad ay hindi lamang tungkol sa pagbaba ng timbang, ito ay tungkol sa pagpapabuti ng iyong kalusugan sa puso, pagbabawas ng panganib ng mga malalang sakit, pagpapalakas ng iyong kalooban, at kahit na pagtaas ng iyong habang-buhay."" (Visual: Taong nagbubuhat ng timbang, taong lumalangoy, taong gumagawa ng yoga) Tagapagsalaysay: ""Hindi kailangang maging isang gawaing-bahay. Humanap ng aktibidad na ikatutuwa mo at gawin itong bahagi ng iyong pang-araw-araw na gawain. Maglakad man ito, pagpindot sa gym o paggawa ng yoga, mayroong isang bagay para sa lahat."" (Visual: Taong nakikipaglaro sa aso, taong nakikipaglaro sa mga bata, taong sumasayaw kasama ang mga kaibigan) Narrator: “Gawin mong masaya, gawing sosyal! Lumipat kasama ang mga kaibigan, pamilya o mga alagang hayop. Magugulat ka kung gaano ito kasaya.” (Visual: Taong nakangiti at mukhang masigla) Tagapagsalaysay: ""Kaya, ano pa ang hinihintay mo? Pangasiwaan ang iyong kalusugan at simulan mong isama ang ehersisyo sa iyong pang-araw-araw na gawain. Ang iyong isip at katawan ay magpapasalamat sa iyo."" (Closing shot with text: ""Get Moving, Stay Healthy"")","(Upbeat music playing in the background) Narrator: ""In today's fast-paced world, it's easy to let our health take a backseat. But did you know that even a small amount of daily exercise can have a huge impact on your overall wellbeing?""(Visual: Person jogging in a park)Narrator: ""Physical activity is not just about losing weight, it's about improving your heart health, reducing the risk of chronic diseases, boosting your mood, and even increasing your lifespan.""(Visual: Person lifting weights, person swimming, person doing yoga)Narrator: ""It doesn't have to be a chore. Find an activity that you enjoy and make it a part of your daily routine. Whether it's going for a walk, hitting the gym or doing yoga, there is something for everyone.""(Visual: Person playing with a dog, person playing with children, person dancing with friends)Narrator: “Make it fun, make it social! Get moving with friends, family or pets. You’ll be surprised at how enjoyable it can be.”(Visual: Person smiling and looking energetic)Narrator: ""So, what are you waiting for? Take charge of your health and start incorporating exercise into your daily routine. Your mind and body will thank you.""(Closing shot with text: ""Get Moving, Stay Healthy"")","(Na­p‑play­ing upbeat music in the background)  
**Narrator:** “In today’s fast‑paced world, it’s easy to let our health sit in the back seat. But did you know that even a small amount of daily exercise can have a big impact on your overall well‑being?”  

*Visual: Person jogging in a park*  

**Narrator:** “Physical activity isn’t just about losing weight; it’s about improving heart health, reducing the risk of serious diseases, boosting your mood, and even extending your lifespan.”  

*Visual: Person lifting weights, person swimming, person doing yoga*  

**Narrator:** “It doesn’t have to be a chore. Find an activity you enjoy and make it part of your daily routine. Whether it’s walking, hitting the gym, or doing yoga, there’s something for everyone.”  

*Visual: Person playing with a dog, person playing with children, person dancing with friends*  

**Narrator:** “Make it fun, make it social! Move with friends, family, or pets. You’ll be surprised how enjoyable it can be.”  

*Visual: Person smiling and",0.8499157428741455,0.5896246095992032,0.5216534503464003,0.4576271995210886,0.3980661039180543,0.8136482939632547,0.7335092348284961,0.8083989501312335,0.5740728693850254,0.8952323198318481,0.9021672010421753,0.8984151482582092
Maglista ng limang hakbang para sa paghahambing ng dalawang produkto.,List five steps for comparing two products.,List five steps for comparing two products.,0.34293293952941895,1.0,1.0,1.0,1.0,1.0,1.0,1.0,0.9985422740524781,0.8952323198318481,0.9021672010421753,0.8984151482582092
"Ang pangngalang pantangi sa pangungusap na ito ay ""pamahalaan"".","The proper noun in this sentence is ""government"".",The proper noun in this sentence is “government.”,0.6139533519744873,0.875,0.8660254037844386,0.8549879733383485,0.8408964152537145,1.0,1.0,1.0,0.8737244897959183,0.8952323198318481,0.9021672010421753,0.8984151482582092
Kilalanin ang uri ng ibinigay na ibon.,Recognize the type of the given bird.,Identify the species of the given bird.,0.394702672958374,0.7142857142857143,0.5976143046671969,0.5227579585747103,0.4347208719449914,0.7142857142857143,0.5,0.7142857142857143,0.6914285714285714,0.8952323198318481,0.9021672010421753,0.8984151482582092
"Bumuo ng angkop na input sa sumusunod na pagtuturo: ""Ipaliwanag ang konsepto ng quantum entanglement.""","Generate an appropriate input to the following instruction: ""Explain the concept of quantum entanglement.""",Create appropriate input for the following instruction: “Explain the concept of quantum entanglement.”,0.5805838108062744,0.6410499775216034,0.5447877240951453,0.4216239854613161,0.28863046226018724,0.8148148148148148,0.7199999999999999,0.8148148148148148,0.6354916067146283,0.8952323198318481,0.9021672010421753,0.8984151482582092
"Ang frequency count ng bawat integer sa listahan ay ang mga sumusunod: {1: 1, 5: 2, 2: 2, 4: 1} Nangangahulugan ito na ang 1 ay nangyayari nang isang beses, 5 ay nangyayari nang dalawang beses, 2 ay nangyayari nang dalawang beses, at 4 ay nangyayari nang isang beses sa ang listahan.","The frequency count of each integer in the list is as follows:{1: 1, 5: 2, 2: 2, 4: 1}This means that 1 occurs once, 5 occurs twice, 2 occurs twice, and 4 occurs once in the list.","The frequency count of each integer in the list is as follows: {1: 1, 5: 2, 2: 2, 4: 1}. This means that 1 occurs once, 5 occurs twice, 2 occurs twice, and 4 occurs once in the list.",0.7639796733856201,0.8974358974358975,0.8693304852457423,0.8398248046911329,0.8087405797366504,1.0,1.0,1.0,0.940563967522493,0.8952323198318481,0.9021672010421753,0.8984151482582092
"Ang netong halaga ay tumutukoy sa kabuuang halaga ng mga asset na pampinansyal ng isang indibidwal o entity at mga asset na hindi pinansiyal na binawasan ang anumang natitirang pananagutan sa pananalapi. Sa mas simpleng mga termino, ito ay kinakalkula sa pamamagitan ng pagdaragdag ng lahat ng pag-aari mo na may makabuluhang halaga (mga asset) at pagkatapos ay pagbabawas ng lahat ng iyong mga utang (mga pananagutan). Kabilang dito ang pera, mga savings at checking account, pamumuhunan, real property, at personal na ari-arian. Ang numerong ito ay nagbibigay ng isang snapshot ng iyong kalusugan sa pananalapi at maaaring magamit upang subaybayan ang pag-unlad patungo sa mga layunin sa pananalapi. Ang isang positibong net worth ay nagpapahiwatig na ikaw ay may mas maraming asset kaysa sa mga pananagutan, habang ang isang negatibong net worth ay nagpapahiwatig na ikaw ay may utang na higit pa kaysa sa iyo.","Net worth refers to the total value of an individual's or entity's financial assets and non-financial assets minus any outstanding financial liabilities. In simpler terms, it is calculated by adding up everything you own of significant value (assets) and then subtracting all of your debts (liabilities). This includes money, savings and checking accounts, investments, real property, and personal property. This number provides a snapshot of your financial health and can be used to track progress towards financial goals. A positive net worth implies that you have more assets than liabilities, while a negative net worth implies that you owe more than you own.",,1.0425288677215576,0.0,0.0,0.0,0.0,0.0,0.0,0.0,0.0,0.8952323198318481,0.9021672010421753,0.8984151482582092
"<!DOCTYPE html> <html> <head> <title>Website ng Pagsusuri ng Aklat</title> <meta charset=""utf-8""> <meta name=""viewport"" content=""width=device-width, initial-scale =1""> <style> /* Istilo ang header */ .header { padding: 50px; text-align: center; background: #333333; kulay puti; laki ng font: 30px; } .bookTitle { font-size: 20pt; font-family: Arial, sans-serif; kulay: #333333; } .bookAuthor { font-size: 18pt; font-family: Arial, sans-serif; kulay: #333333; font-style: italic; } .bookImg { display: block; margin:auto; padding: 10px; } .review { font-size: 15pt; font-family: Arial, sans-serif; kulay: #333333; text-align: bigyang-katwiran; margin: 20px; } footer { posisyon: fixed; kaliwa: 0; ibaba: 0; lapad: 100%; kulay ng background: #333333; kulay puti; text-align: center; } </style> </head> <body> <div class=""header""> <h1>Website sa Pagsusuri ng Aklat</h1> </div> <h2 class=""bookTitle"">Pamagat ng Aklat: The Great Gatsby</ h2> <h3 class=""bookAuthor"">May-akda: F. Scott Fitzgerald</h3> <img src=""https://m.media-amazon.com/images/I/81af+MCATTL.jpg"" alt="" The Great Gatsby"" class=""bookImg"" height=""400""> <p class=""review"">Ang aklat na ito ay isang klasiko para sa isang kadahilanan. Ang mga karakter ay kumplikado at nakakaengganyo, at ang mundo na ginawa ni Fitzgerald ay kaakit-akit at kaakit-akit. Gayunpaman, sa ilalim ng pakitang-tao ng kayamanan at pribilehiyo ay mayroong maraming madilim na lihim at pagkabigo. Ang Great Gatsby ay parehong kuwento ng pag-ibig at isang babala tungkol sa mga panganib ng labis at ang paghahangad ng kaligayahan sa lahat ng mga gastos. Ang aklat na ito ay dapat basahin para sa sinumang mahilig sa literary fiction o interesado sa kasaysayan ng Roaring Twenties.</p> <p class=""review"">Ang pagsulat ni Fitzgerald ay ganap na ganap","<!DOCTYPE html><html> <head><title>Book Review Website</title><meta charset=""utf-8""><meta name=""viewport"" content=""width=device-width, initial-scale=1""><style>    /* Style the header */    .header {    padding: 50px;    text-align: center;    background: #333333;    color: white;    font-size: 30px;    }    .bookTitle {        font-size: 20pt;        font-family: Arial, sans-serif;        color: #333333;    }    .bookAuthor {        font-size: 18pt;        font-family: Arial, sans-serif;        color: #333333;        font-style: italic;    }    .bookImg {        display: block;        margin:auto;        padding: 10px;    }    .review {        font-size: 15pt;        font-family: Arial, sans-serif;        color: #333333;        text-align: justify;        margin: 20px;    }    footer {        position: fixed;        left: 0;        bottom: 0;        width: 100%;        background-color: #333333;        color: white;        text-align: center;    }</style></head><body>    <div class=""header"">        <h1>Book Review Website</h1>    </div>    <h2 class=""bookTitle"">Book Title: The Great Gatsby</h2>    <h3 class=""bookAuthor"">Author: F. Scott Fitzgerald</h3>    <img src=""https://m.media-amazon.com/images/I/81af+MCATTL.jpg"" alt=""The Great Gatsby"" class=""bookImg"" height=""400"">    <p class=""review"">This book is a classic for a reason. The characters are complex and engaging, and the world that Fitzgerald crafts is glamorous and alluring. However, beneath the veneer of wealth and privilege lies a host of dark secrets and disappointment. The Great Gatsby is both a love story and a cautionary tale about the dangers of excess and the pursuit of happiness at all costs. This book is a must-read for anyone who enjoys literary fiction or is interested in the history of the Roaring Twenties.</p>    <p class=""review"">Fitzgerald’s writing is absolutely",,0.849043607711792,0.0,0.0,0.0,0.0,0.0,0.0,0.0,0.0,0.8952323198318481,0.9021672010421753,0.8984151482582092
Bumuo ng listahan ng 5 palakasan na may kinalaman sa bola.,Generate a list of 5 sports involving a ball.,Create a list of five ball‑related sports.,0.4602940082550049,0.32206169703226534,0.284031719055601,0.22973465586271177,0.1228524589164766,0.5882352941176471,0.26666666666666666,0.47058823529411764,0.42613636363636365,0.8952323198318481,0.9021672010421753,0.8984151482582092
"Batay sa input sa ibaba, uriin ang sumusunod na teksto bilang mabuti o masamang pagsulat.","Based on the input below, classify the following text as good or bad writing.","Based on the input below, classify the following text as good or bad writing.",0.9988224506378174,1.0,1.0,1.0,1.0,1.0,1.0,1.0,0.9998177842565598,0.8952323198318481,0.9021672010421753,0.8984151482582092
Ano ang ibig sabihin ng pariralang “ang huling piraso ng palaisipan”?,What does the phrase “the final piece of the puzzle” signify?,What does the phrase “the last piece of the puzzle” mean?,0.4246973991394043,0.8181818181818182,0.7567874686642695,0.6826924810955317,0.587728372510532,0.8181818181818182,0.7,0.8181818181818182,0.9086363636363638,0.8952323198318481,0.9021672010421753,0.8984151482582092
Bumuo ng mga posibleng pamagat para sa ibinigay na paksa.,Generate possible titles for the given topic.,Create possible titles for the given topic.,0.4612870216369629,0.8571428571428571,0.8451542547285166,0.8298265333662435,0.8091067115702212,0.8571428571428571,0.8333333333333334,0.8571428571428571,0.8551587301587302,0.8952323198318481,0.9021672010421753,0.8984151482582092
"Mga bulong ng pag-ibig na nawala, Sa ilalim ng mga dahon ng taglagas, Isang pusong nag-iisa ay nagbubuntong-hininga, Habang ang kalikasan ay malumanay na nagdadalamhati.","Whispers of love lost,Beneath the autumn leaves,A lonesome heart sighs,As nature gently grieves.","The whispers of love that have vanished,  
under the autumn leaves,  
a lone heart sighs,  
while nature gently mourns.",0.7896149158477783,0.42105263157894735,0.305887645160749,0.17655972767299924,0.07658412276041004,0.6285714285714286,0.42424242424242425,0.6285714285714286,0.5514705882352942,0.8952323198318481,0.9021672010421753,0.8984151482582092
Sumulat ng 5 diyalogo mula sa isang pag-uusap sa pagitan ng dalawang magkaibigan na tumatalakay sa kasalukuyang pandemya.,Write down 5 dialogues from a conversation between two friends who are discussing the current pandemic.,"""Write five dialogues from a conversation between two friends discussing the current pandemic.""",0.4523279666900635,0.6107097367830394,0.5685398241003539,0.5192217155308323,0.4591707160059819,0.8275862068965517,0.6666666666666665,0.8275862068965517,0.6985313470547982,0.8952323198318481,0.9021672010421753,0.8984151482582092
I-convert ang oras mula sa 12 oras na format sa 24 na oras na format.,Convert the time from 12 hr format to 24 hr format.,Convert the time from 12‑hour format to 24‑hour format.,0.355057954788208,0.622795757824184,0.4993475030816428,0.38495439176194546,0.29538720207860764,0.8181818181818182,0.6,0.8181818181818182,0.6226379440665155,0.8952323198318481,0.9021672010421753,0.8984151482582092
"Ang pangungusap na ""Tumakbo ako sa tindahan"" ay isang halimbawa ng pangungusap na paturol. Gumagawa ito ng pahayag at nilagyan ng tuldok.","The sentence ""I ran to the store"" is an example of a declarative sentence. It makes a statement and is punctuated with a period.","""The sentence 'I ran to the store' is an example of a declarative sentence. It makes a statement and ends with a period.""",1.7977473735809326,0.7493113315317764,0.6756824568032421,0.6117755310356864,0.5604367594779374,0.9361702127659574,0.888888888888889,0.9361702127659574,0.7450668939511339,0.8952323198318481,0.9021672010421753,0.8984151482582092
Ilarawan ang layunin ng internet protocol version 6 (IPv6).,Describe the purpose of internet protocol version 6 (IPv6).,Describe the purpose of Internet Protocol version 6 (IPv6).,2.5288779735565186,1.0,1.0,1.0,1.0,1.0,1.0,1.0,0.9993141289437586,0.8952323198318481,0.9021672010421753,0.8984151482582092
Paano mo kinakalkula ang distansya sa pagitan ng dalawang puntos?,How do you calculate the distance between two points?,How do you calculate the distance between two points?,2.512896776199341,1.0,1.0,1.0,1.0,1.0,1.0,1.0,0.9993141289437586,0.8952323198318481,0.9021672010421753,0.8984151482582092
Sino ang nagdisenyo ng Golden Gate Bridge?,Who designed the Golden Gate Bridge?,Who designed the Golden Gate Bridge?,2.4692013263702393,1.0,1.0,1.0,1.0,1.0,1.0,1.0,0.9976851851851852,0.8952323198318481,0.9021672010421753,0.8984151482582092
Maglista ng 3 pangunahing elemento ng isang matagumpay na diskarte sa marketing ng nilalaman.,List 3 key elements of a successful content marketing strategy.,List three key elements of a successful content‑marketing strategy.,2.5678322315216064,0.6959861353000654,0.5580303566223723,0.49244905392860316,0.4344371253135792,0.9,0.7777777777777778,0.9,0.8017676767676769,0.8952323198318481,0.9021672010421753,0.8984151482582092
Ano ang pinakamahalagang ugali para sa mga negosyante?,What is the most important habit for entrepreneurs?,What is the most important trait for entrepreneurs?,2.558222532272339,0.875,0.7905694150420949,0.6786044041487267,0.5946035575013605,0.875,0.7142857142857143,0.875,0.864795918367347,0.8952323198318481,0.9021672010421753,0.8984151482582092
Ilarawan ang isang kidlat na bagyo sa dalawang pangungusap.,Describe a lightning storm in two sentences.,Describe a lightning storm in two sentences.,2.6460511684417725,1.0,1.0,1.0,1.0,1.0,1.0,1.0,0.9985422740524781,0.8952323198318481,0.9021672010421753,0.8984151482582092
Kalkulahin ang kabuuan ng tatlong ibinigay na mga numero,Calculate the sum of the three given numbers,Calculate the sum of the three given numbers.,2.4966514110565186,0.875,0.8660254037844386,0.8549879733383485,0.8408964152537145,1.0,1.0,1.0,0.8737244897959183,0.8952323198318481,0.9021672010421753,0.8984151482582092
Ano ang gravitational force sa pagitan ng dalawang bagay na may bigat na 10 kilo at 5 kilo?,What is the gravitational force between two objects with masses of 10 kilograms and 5 kilograms?,What is the gravitational force between two objects with masses of 10 kg and 5 kg?,2.536386013031006,0.875,0.8366600265340756,0.7937005259840998,0.7670387248467656,0.875,0.8000000000000002,0.875,0.9373611111111111,0.8952323198318481,0.9021672010421753,0.8984151482582092
"Narito ang isang listahan ng ilang maliliit na bansa, kapwa sa mga tuntunin ng populasyon at lupain: 1. Tuvalu 2. Nauru 3. San Marino 4. Monaco 5. Liechtenstein 6. Saint Kitts at Nevis 7. Marshall Islands 8. Dominica 9. Andorra 10. Palau","Here is a list of some small nations, both in terms of population and land area:1. Tuvalu2. Nauru3. San Marino4. Monaco5. Liechtenstein6. Saint Kitts and Nevis7. Marshall Islands8. Dominica9. Andorra10. Palau","Here is a list of some of the smallest countries, both in terms of population and land area:

1. Tuvalu  
2. Nauru  
3. San Marino  
4. Monaco  
5. Liechtenstein  
6. Saint Kitts and Nevis  
7. Marshall Islands  
8. Dominica  
9. Andorra  
10. Palau",2.6601157188415527,0.4418604651162791,0.3698193267539611,0.32190801014905357,0.2764129269938354,0.5599999999999999,0.410958904109589,0.5599999999999999,0.5928183229813665,0.8952323198318481,0.9021672010421753,0.8984151482582092
"Ang teknolohiya ng Blockchain ay isang digital database na naglalaman ng lumalagong listahan ng mga talaan at transaksyon na ibinabahagi ng lahat ng kalahok na sistema ng computer. Ang bawat bloke sa chain ay naglalaman ng timestamp at isang cryptographic na hash ng nakaraang block, na ginagawang halos imposibleng baguhin ang mga nakaraang transaksyon. Sa mundo ng cryptocurrency, ang blockchain ay ang pinagbabatayan na teknolohiya na nagpapahintulot sa secure at transparent na mga transaksyon na maganap. Ang bawat kalahok sa network ay may kopya ng blockchain, na nangangahulugang makikita ng lahat ang bawat transaksyon na nagaganap. Nagbibigay-daan ito para sa isang antas ng transparency at seguridad na hindi mapapantayan ng mga tradisyonal na sistema ng pananalapi. Sa halip na umasa sa isang sentral na awtoridad, tulad ng isang bangko o gobyerno, upang pangasiwaan ang mga transaksyon, ang blockchain ay gumagamit ng advanced na cryptography at isang network ng mga computer system upang pamahalaan at patotohanan ang mga transaksyon. Ang desentralisadong diskarte na ito ay nag-aalis ng pangangailangan para sa mga tagapamagitan at nagbabawas ng mga bayarin, na ginagawang mas mabilis, mas mura at mas secure ang pagpapalitan ng halaga. Ang pinakakilalang aplikasyon ng teknolohiyang blockchain ay nasa mundo ng mga cryptocurrencies, tulad ng Bitcoin, ngunit marami itong iba pang potensyal na gamit, kabilang ang pamamahala ng supply chain, mga sistema ng pagboto, at pag-verify ng pagkakakilanlan. Ang kakayahang pangasiwaan ang secure, transparent, at desentralisadong mga transaksyon ay may potensyal na baguhin ang paraan ng pagpapalitan natin ng halaga at pagsasagawa ng negosyo.","Blockchain technology is a digital database that contains a growing list of records and transactions that are shared by all participating computer systems. Each block in the chain contains a timestamp and a cryptographic hash of the previous block, making it virtually impossible to alter past transactions.In the world of cryptocurrency, blockchain is the underlying technology that allows secure and transparent transactions to take place. Each participant in the network has a copy of the blockchain, which means that everyone can see every transaction that takes place. This allows for a level of transparency and security that is unmatched by traditional financial systems.Instead of relying on a central authority, such as a bank or government, to oversee transactions, blockchain uses advanced cryptography and a network of computer systems to manage and authenticate transactions. This decentralized approach eliminates the need for intermediaries and cuts down on fees, making it faster, cheaper and more secure to exchange value.The most well-known application of blockchain technology is in the world of cryptocurrencies, such as Bitcoin, but it has many other potential uses, including supply chain management, voting systems, and identity verification. Its ability to facilitate secure, transparent, and decentralized transactions has the potential to revolutionize the way we exchange value and conduct business.","Blockchain technology is a digital database that contains a growing list of records and transactions shared by all participants in a computer system. Each block in the chain contains a timestamp and a cryptographic hash of the previous block, making it almost impossible to alter past transactions. In the world of cryptocurrency, the blockchain is the underlying technology that enables secure and transparent transactions to occur. Every participant in the network has a copy of the blockchain, meaning everyone can see every transaction that takes place. This provides a level of transparency and security that traditional financial systems cannot match. Instead of relying on a central authority, such as a bank or government, to manage transactions, the blockchain uses advanced cryptography and a network of computer systems to administer and validate transactions. This decentralized approach eliminates the need for intermediaries and reduces fees, making the exchange of value faster, cheaper, and more secure. The best‑known application of blockchain technology is in the world of cryptocurrencies, such as Bitcoin, but it has many other potential uses, including supply‑chain management, voting systems, and identity verification. The ability to handle secure, transparent, and decentralized transactions has the potential to change how we exchange value and conduct business.",2.9504916667938232,0.8227233188199141,0.7572523840745505,0.6984417459948931,0.647088938302098,0.8878281622911695,0.7673860911270983,0.8687350835322196,0.8021688836685755,0.8952323198318481,0.9021672010421753,0.8984151482582092
Saang bansa matatagpuan ang Mediterranean Sea?,In what country is the Mediterranean Sea located?,Which country is the Mediterranean Sea located in?,2.5199873447418213,0.625,0.5976143046671968,0.563123940221803,0.5169731539571706,0.875,0.7142857142857143,0.75,0.6225,0.8952323198318481,0.9021672010421753,0.8984151482582092
Bumuo ng isang sample na web form upang mag-aplay para sa isang trabaho.,Construct a sample web form to apply for a job.,Create a sample web form to apply for a job.,2.4066994190216064,0.9,0.8944271909999159,0.8879040017426008,0.8801117367933934,0.9,0.8888888888888888,0.9,0.8993827160493828,0.8952323198318481,0.9021672010421753,0.8984151482582092
Bumuo ng isang kuwento na may partikular na konteksto.,Generate a story with a specific context.,Create a story with a specific context.,2.5907678604125977,0.8571428571428571,0.8451542547285166,0.8298265333662435,0.8091067115702212,0.8571428571428571,0.8333333333333334,0.8571428571428571,0.8551587301587302,0.8952323198318481,0.9021672010421753,0.8984151482582092
Hanapin ang pang-agham na termino na nauugnay sa ibinigay na kahulugan.,Find the scientific term related to the given definition.,Find the scientific term that corresponds to the given definition.,2.5872812271118164,0.8,0.7302967433402215,0.6436595897370865,0.5253819788848316,0.8421052631578948,0.7058823529411765,0.8421052631578948,0.8722527472527472,0.8952323198318481,0.9021672010421753,0.8984151482582092
Baguhin ang sumusunod na pangungusap mula sa tinig na tinig sa aktibong boses: Ang pagpipinta ay nilikha ng pintor.,Change the following sentence from the passive voice to the active voice:The painting was created by the artist.,Change the following sentence from passive voice to active voice: The painting was created by the painter.,2.753441333770752,0.8319468916366543,0.7001876450449476,0.5997399481353073,0.49098535545126015,0.8888888888888888,0.7647058823529411,0.8888888888888888,0.7954065797641218,0.8952323198318481,0.9021672010421753,0.8984151482582092
1. Komunikasyon 2. Mobile 3. Teknolohiya,1. Communication2. Mobile3. Technology,"1. Communication  
2. Mobile  
3. Technology",2.5776994228363037,0.3333333333333333,0.08164965809277261,0.05503212081491044,0.048549177170732344,0.4,0.0,0.4,0.2380952380952381,0.8952323198318481,0.9021672010421753,0.8984151482582092
balde,pail,bucket.,2.437253475189209,0.0,0.0,0.0,0.0,0.0,0.0,0.0,0.0,0.8952323198318481,0.9021672010421753,0.8984151482582092
"1. **Disease diagnosis at paggamot:** AI-powered system ay maaaring gamitin upang pag-aralan ang mga medikal na larawan at iba pang data ng pasyente upang masuri ang mga sakit nang mas tumpak at mabilis. Makakatulong din ang mga system na ito sa mga doktor na matukoy ang pinakamabisang paggamot batay sa partikular na kasaysayan at kondisyon ng medikal ng pasyente. 2. **Remote monitoring at telehealth:** Maaaring gamitin ang AI upang subaybayan ang kalusugan ng mga pasyente nang malayuan, na inaalerto ang mga doktor sa mga potensyal na isyu bago sila maging seryoso. Ito ay maaaring maging kapaki-pakinabang lalo na para sa mga pasyente na may malalang kondisyon, na nangangailangan ng regular na pagsubaybay. Bukod pa rito, ang mga sistema ng telehealth na pinapagana ng AI ay maaaring magbigay-daan sa mga doktor na kumonsulta sa mga pasyente nang malayuan, na pagpapabuti ng access sa pangangalaga para sa mga nakatira malayo sa mga pasilidad na medikal. 3. **Personalized na gamot:** Maaaring gamitin ang AI upang suriin ang malaking halaga ng data mula sa medikal na pananaliksik at mga rekord ng pasyente upang matulungan ang mga doktor na gumawa ng mga personalized na plano sa paggamot para sa kanilang mga pasyente. Maaaring kabilang dito ang pagtukoy sa mga pinakaepektibong gamot at dosis para sa bawat indibidwal, pati na rin ang paghula kung paano tutugon ang isang pasyente sa isang partikular na paggamot batay sa kanilang genetic makeup at medikal na kasaysayan.","1. **Disease diagnosis and treatment:** AI-powered systems could be used to analyze medical images and other patient data to diagnose diseases more accurately and quickly. These systems could also help doctors determine the most effective treatments based on a patient's specific medical history and condition.2. **Remote monitoring and telehealth:** AI could be used to monitor patients' health remotely, alerting doctors to potential issues before they become serious. This could be especially useful for patients with chronic conditions, who need regular monitoring. Additionally, AI-powered telehealth systems could allow doctors to consult with patients remotely, improving access to care for those who live far from medical facilities.3. **Personalized medicine:** AI could be used to analyze large amounts of data from medical research and patient records to help doctors create personalized treatment plans for their patients. This could involve identifying the most effective medications and dosages for each individual, as well as predicting how a patient will respond to a particular treatment based on their genetic makeup and medical history.","**1. Disease diagnosis and treatment:** An AI‑powered system can be used to analyze medical images and other patient data to diagnose diseases more accurately and quickly. These systems also help doctors determine the most effective treatment based on the patient’s specific medical history and condition.  

**2. Remote monitoring and telehealth:** AI can be",3.06013822555542,0.09222115835580436,0.08376867560450711,0.07653664753190435,0.06921967145395286,0.45814977973568277,0.39999999999999997,0.44933920704845814,0.20804339453967335,0.8952323198318481,0.9021672010421753,0.8984151482582092
"Ang abstraction at encapsulation ay dalawang magkaugnay ngunit natatanging konsepto sa object-oriented na programming. Ang isang pangunahing pagkakaiba sa pagitan ng dalawa ay nasa kanilang pangunahing layunin at pokus. Ang abstraction ay tumutukoy sa proseso ng paglalantad lamang ng mga may-katuturan at mahahalagang katangian ng isang bagay habang itinatago ang mga panloob na gawain o kumplikadong mga detalye nito. Ang pangunahing layunin ay pasimplehin ang mga kumplikadong sistema sa pamamagitan ng paghahati-hati sa mga ito sa mga mas mapapamahalaang bahagi, at upang magbigay ng mataas na antas na interface para sa pakikipag-ugnayan sa bagay. Nakatuon ang abstraction sa kung ano ang magagawa ng bagay, sa halip na kung paano ito ginagawa. Sa kabaligtaran, ang encapsulation ay ang kasanayan ng pagpapanatiling nakatago at protektado sa panloob na estado at pag-uugali ng isang bagay mula sa panghihimasok sa labas. Nakamit ito sa pamamagitan ng pagtukoy ng mga mahigpit na hangganan at mga panuntunan sa pag-access na pumipigil sa mga panlabas na entity na direktang ma-access o baguhin ang panloob na data ng object. Ang pangunahing pokus ng Encapsulation ay upang matiyak ang integridad at pagkakapare-pareho ng panloob na estado ng isang bagay sa pamamagitan ng pagkontrol at pagpapatunay sa anumang mga pagbabagong ginawa dito. Sa buod, ang abstraction ay nababahala sa pagpapasimple ng interface sa pagitan ng user at ng object, habang ang encapsulation ay nakatuon sa pagprotekta sa panloob na estado at pag-uugali ng object.","Abstraction and encapsulation are two closely related but distinct concepts in object-oriented programming. One key difference between the two lies in their main purpose and focus.Abstraction refers to the process of exposing only the relevant and essential features of an object while hiding its inner workings or complex details. The main purpose is to simplify complex systems by breaking them down into more manageable parts, and to provide a high-level interface for interacting with the object. Abstraction focuses on what the object can do, rather than how it does it.In contrast, encapsulation is the practice of keeping an object’s internal state and behavior hidden and protected from outside interference. This is achieved by defining strict boundaries and access rules that prevent external entities from directly accessing or modifying the object’s internal data. Encapsulation's main focus is to ensure the integrity and consistency of an object’s internal state by controlling and validating any changes made to it.In summary, abstraction is concerned with simplifying the interface between the user and the object, while encapsulation is focused on protecting the object’s internal state and behavior.","Abstraction and encapsulation are two related yet distinct concepts in object‑oriented programming. A primary difference between them lies in their main purpose and focus. Abstraction refers to the process of exposing only the relevant and essential characteristics of an entity while hiding its internal workings or complex details. Its main goal is to simplify complex systems by breaking them into more manageable parts and to provide a high‑level interface for interacting with the entity. Abstraction concentrates on what the entity can do rather than how it does it. In contrast, encapsulation is the practice of keeping an entity’s internal state and behavior hidden and protected from outside interference. This is achieved by defining strict boundaries and access rules that prevent external entities from directly accessing or modifying the object’s internal data. The primary focus of encapsulation is to ensure the integrity and consistency of an entity’s internal state by controlling and validating any changes made to it. In summary, abstraction is concerned with simplifying the interface between the user and the object, while encapsulation is aimed at protecting the object’s internal state and behavior.",3.283829927444458,0.842391304347826,0.7676024947369232,0.7044903374650666,0.6457244994364733,0.900523560209424,0.7947368421052633,0.8900523560209423,0.8394139339766502,0.8952323198318481,0.9021672010421753,0.8984151482582092
"Ang pandemya ng COVID-19 ay nagkaroon ng malalim na epekto sa lipunan sa buong mundo, na malaki ang pagbabago sa paraan ng pamumuhay, trabaho, at pakikipag-ugnayan ng mga tao sa isa't isa. Narito ang ilan sa mga pinakamahalagang epekto sa lipunan ng pandemya: 1. Mga pagbabago sa mga kaugalian sa lipunan: Dahil sa mga alalahanin tungkol sa paghahatid, maraming mga pamantayan sa lipunan, tulad ng pakikipagkamay at yakap, ang nagbigay daan sa pagdistansya sa lipunan, pagsusuot ng maskara, at mga bukol sa siko. Naapektuhan ng mga pagbabagong ito kung paano nakikipag-ugnayan ang mga tao sa mga pampublikong espasyo, sa trabaho, at sa mga social setting. 2. Lumipat sa malayong trabaho at edukasyon: Bilang paraan ng pagpigil sa paghahatid, nagkaroon ng makabuluhang pagbabago tungo sa malayong trabaho at pag-aaral sa malayo. Bilang resulta, ang mga platform ng kumperensya sa video ay naging pangunahing batayan para sa komunikasyon at pakikipagtulungan. 3. Tumaas na alalahanin sa kalusugan ng isip: Ang pandemya ay nagdulot ng malawakang stress, kawalan ng katiyakan, at pagkabalisa, na humahantong sa mas maraming ulat ng depresyon, pag-abuso sa droga, at iba pang mga isyu sa kalusugan ng isip. 4. Tumaas na hindi pagkakapantay-pantay: Ang pandemya ay hindi pantay na nakaapekto sa mga grupong mababa ang kita at marginalized, na nagpalala sa umiiral na mga hindi pagkakapantay-pantay sa lipunan, ekonomiya, at kalusugan. 5. Dinamika ng pamilya: Ang pandemya ay nagpapataas ng mga stress sa pamilya dahil maraming tao ang nagbabalanse sa pagtatrabaho mula sa bahay na may mga responsibilidad sa pangangalaga. Sa kabilang banda, ang ilang mga pamilya ay nag-uulat ng pinabuting mga relasyon dahil sa mas maraming oras na magkasama. Sa konklusyon, ang pandemya ng COVID-19 ay nagresulta sa malalaking pagbabago sa kung paano nakikipag-ugnayan, nagtatrabaho, natututo, at nakayanan ang mga tao. Bagama't ang ilan sa mga pagbabagong ito ay maaaring pansamantala, marami ang malamang na magkaroon ng pangmatagalang epekto.","The COVID-19 pandemic has had profound social impacts across the globe, substantially altering the way people live, work, and interact with each other. Here are some of the most significant social effects of the pandemic:1. Changes in social norms: Due to concerns about transmission, many social norms, like handshakes and hugs, have given way to social distancing, mask-wearing, and elbow bumps. These changes have affected how people interact in public spaces, at work, and in social settings.2. Shift to remote work and education: As a means of preventing transmission, there has been a significant shift towards remote work and distance learning. As a result, video conference platforms have become a mainstay for communication and collaboration.3. Heightened mental health concerns: The pandemic has caused widespread stress, uncertainty, and anxiety, leading to increased reports of depression, substance abuse, and other mental health issues.4. Increased inequality: The pandemic has disproportionately affected low-income and marginalized groups, exacerbating the existing social, economic, and health inequalities.5. Family dynamics: The pandemic has increased familial stresses as many people balance working from home with caretaking responsibilities. On the other hand, some families report improved relationships due to the increased time together.In conclusion, the COVID-19 pandemic has resulted in substantial changes to how people interact, work, learn, and cope. While some of these changes may be temporary, many are likely to have long-lasting effects.","The COVID‑19 pandemic has had a profound impact on societies worldwide, dramatically altering how people live, work, and interact with one another. Key social effects of the pandemic include:

1. **Changes in social customs** – Because of concerns about transmission, many social norms such as handshakes and hugs gave way to social distancing, mask‑wearing, and elbow bumps. These changes affected how people engage in public spaces, at work, and in social settings.

2. **Shift to remote work and education** – To curb the spread of the virus, there was a substantial move toward working from home and distance learning. Consequently, video‑conferencing platforms became the primary means of communication and collaboration.

3. **Increased mental‑health concerns** – The pandemic generated widespread stress, uncertainty, and anxiety, leading to higher reports of depression, substance abuse, and other mental‑health issues.

4. **Rising inequality** – The pandemic did not affect all groups equally; low‑income and marginalized populations were hit hardest, exacerbating existing social, economic, and health disparities.

5. **Family dynamics** – Families experienced heightened stress as many people balanced working from home with caregiving responsibilities. At the same time,",2.4022443294525146,0.4691357426578622,0.3677464282070383,0.28985181331656296,0.22995279419126594,0.6904761904761905,0.4688995215311005,0.6190476190476191,0.38806067576738335,0.8952323198318481,0.9021672010421753,0.8984151482582092
"Noong unang panahon, sa isang malayong lupain, may isang matapang na explorer na nagngangalang Marco. Kilala si Marco sa buong lupain dahil sa kanyang katapangan, lakas, at determinasyon. Nagalugad niya ang maraming mapanlinlang na bundok, tumawid sa maraming rumaragasang ilog at nakaligtas sa pinakamalupit na disyerto. Gayunpaman, mayroong isang lugar na palaging pinapangarap ni Marco na tuklasin, isang misteryoso at mapanganib na gubat na kakaunti pa lang ang nakapasok, at mas kakaunti pa ang nakabalik. Isang araw, inipon ni Marco ang kanyang lakas ng loob at naglakbay sa gitna ng gubat. Ang makapal na canopy ng kagubatan ay nakaharang sa araw, na nagpapadilim sa sahig ng gubat. Ang mga baging at halaman ay nagpaikot-ikot sa mga puno, na lumilikha ng isang maze ng halaman na halos imposibleng i-navigate. Gayunpaman, si Marco ay determinado at idiniin ang mas malalim sa gubat. Habang palalim ng palalim ang kanyang paglalakbay, maraming kakaibang nilalang ang nakasalubong ni Marco na hindi pa niya nakikita. Nakakita siya ng matingkad na kulay na mga ibon, mga unggoy na umaalingawngaw sa mga puno, at maging isang dumulas na ahas, na mas malaki kaysa sa anumang nakita niya. Ang pinakamalaking hamon ni Marco ay dumating nang matisod niya ang umaalingawngaw na ilog na tila imposibleng makatawid. Ngunit si Marco ay hindi isang madaling mapigil. Gumawa siya ng balsa mula sa mga nakapaligid na puno at ligtas na nakatawid sa ilog. Sa wakas, pagkatapos ng maraming araw ng paggalugad, narating ni Marco ang gitna ng gubat. Sa gitna ng clearing ay nakatayo ang isang matayog na talon, naghahagis ng mga bahaghari habang ang tubig ay bumagsak sa pool sa ibaba. Napatingala si Marco, napagtanto na naabot niya ang kanyang pangarap. Ang gubat, kahit na mapanganib at mahiwaga, ay nagsiwalat ng kagandahan nito sa kanya. Sa isang pakiramdam ng tagumpay, si Marco ay bumalik sa sibilisasyon, ang kanyang puso ay puno ng pagkamangha sa hindi kapani-paniwalang mundo na kanyang natuklasan. At nang ikwento niya ang kanyang mga pakikipagsapalaran sa iba, napagtanto niya na ang paglalakbay ay nagkakahalaga ng bawat panganib, bawat panganib, dahil ipinakita nito sa kanya ang tunay na kagandahan at misteryo ng mundo.","Once upon a time, in a land far away, there lived a brave explorer named Marco. Marco was known throughout the land for his courage, strength, and determination. He had explored many a treacherous mountain, crossed numerous raging rivers and survived the harshest of deserts. However, there was one place that Marco had always dreamed of exploring, a mysterious and dangerous jungle that very few had ever entered, and even fewer had returned from.One day, Marco gathered his courage and set out on his journey into the heart of the jungle. The dense forest canopy blocked out the sun, casting the jungle floor into darkness. Vines and plants twisted around trees, creating a maze of greenery that was almost impossible to navigate. However, Marco was determined and pressed on deeper into the jungle.As he journeyed deeper, Marco encountered many strange creatures that he had never seen before. He saw brightly colored birds, monkeys swinging through the trees, and even a slithering snake, larger than any he had ever seen. Marco's biggest challenge came when he stumbled upon a roaring river that seemed impossible to cross. But Marco was not one to be easily deterred. He fashioned a raft from the surrounding trees and managed to cross the river safely. Finally, after many days of exploring, Marco reached the heart of the jungle. In the center of the clearing stood a towering waterfall, casting rainbows as the water crashed into the pool below. Marco gazed up in awe, realizing that he had achieved his dream. The jungle, though dangerous and mysterious, had revealed its beauty to him.With a sense of accomplishment, Marco made his way back to civilization, his heart filled with a sense of wonder at the incredible world he had discovered. And as he recounted his adventures to others, he realized that the journey had been worth every risk, every danger, for it had shown him the true beauty and mystery of the world.",,6.169218301773071,0.0,0.0,0.0,0.0,0.0,0.0,0.0,0.0,0.8952323198318481,0.9021672010421753,0.8984151482582092
Suriin ang sumusunod na pangungusap at sabihin sa akin kung ito ay pasibo o aktibo.,Analyze the following sentence and tell me if it's passive or active.,Examine the following sentence and tell me whether it is passive or active.,2.5099430084228516,0.6923076923076923,0.6354889093022426,0.5683263035814119,0.48442732379638637,0.7692307692307693,0.5833333333333334,0.7692307692307693,0.7397204366901335,0.8952323198318481,0.9021672010421753,0.8984151482582092
"Bilang isang AI assistant, maaari kong batiin ang isang malaking grupo ng mga tao sa pamamagitan ng pagsasabi ng isang bagay tulad ng, ""Kumusta sa lahat, napakagandang makita kayong lahat dito ngayon! Sana ay maayos kayong lahat at handa na para sa isang magandang panahon na magkasama.""","As an AI assistant, I could greet a large group of people by saying something like, ""Hello everyone, it's great to see you all here today! I hope you are all doing well and are ready for a wonderful time together.""","As an AI assistant, I can greet a large group of people by saying something like, “Hello everyone, it’s wonderful to see you all here today! I hope you’re all doing well and ready for a great time together.”",1.5216302871704102,0.8282144398551055,0.7194719207558482,0.6429760840438113,0.5695415673906804,0.9397590361445782,0.7654320987654322,0.8915662650602411,0.8192232342764095,0.8952323198318481,0.9021672010421753,0.8984151482582092
Ang average ng 12 at 16 ay 14.,The average of 12 and 16 is 14.,The average of 12 and 16 is 14.,1.4519429206848145,1.0,1.0,1.0,1.0,1.0,1.0,1.0,0.9990234375,0.8952323198318481,0.9021672010421753,0.8984151482582092
Bumuo ng isang malikhaing kuwento sa ibinigay na paksa,Build a creative story on the given topic,Create a creative story on the given topic.,2.5630202293395996,0.75,0.7319250547113999,0.709491705985192,0.6803749333171202,0.875,0.8571428571428571,0.875,0.748263888888889,0.8952323198318481,0.9021672010421753,0.8984151482582092
"Isa akong AI Assistant, kaya hindi ko makita ang website na iyong pinag-uusapan. Gayunpaman, narito ang ilang pangkalahatang tip para sa pagpapabuti ng disenyo ng website: 1. Tiyaking kaakit-akit at pare-pareho ang layout sa buong site 2. Tiyaking madaling i-navigate ang site na may malinaw na menu at maayos na nilalaman. 3. Gumamit ng mataas na kalidad na mga larawan at graphics upang magdagdag ng visual na interes 4. I-optimize ang site para sa mga mobile device upang mapabuti ang karanasan ng user para sa mga bisitang nag-a-access sa site sa kanilang mga telepono o tablet 5. Pagbutihin ang bilis ng paglo-load ng pahina upang mabawasan ang mga bounce rate at panatilihin ang mga bisita engaged 6. Mabisang gumamit ng white space para lumikha ng malinis at walang kalat na hitsura 7. Tiyaking nababasa at nababasa ang typography, na may magandang balanse sa pagitan ng text at iba pang elemento 8. Isama ang call-to-action sa buong site para hikayatin ang pakikipag-ugnayan ng user 9 Regular na i-update at i-refresh ang nilalaman upang mapanatili itong may kaugnayan at kawili-wili sa mga bisita 10. Subukan ang site sa mga totoong user upang matukoy ang anumang mga isyu sa kakayahang magamit at gumawa ng mga kinakailangang pagpapabuti.","I'm an AI Assistant, so unable to perceive the website you are talking about. However, here are some general tips for improving website design: 1. Ensure that the layout is visually appealing and consistent throughout the site2. Make sure that the site is easy to navigate with a clear menu and well-organized content.3. Use high-quality images and graphics to add visual interest4. Optimize the site for mobile devices to improve the user experience for visitors accessing the site on their phones or tablets5. Improve the page loading speed to reduce bounce rates and keep visitors engaged 6. Use white space effectively to create a clean and uncluttered look7. Make sure the typography is legible and readable, with a good balance between text and other elements8. Include calls-to-action throughout the site to encourage user engagement9. Regularly update and refresh the content to keep it relevant and interesting to visitors10. Test the site with real users to identify any usability issues and make necessary improvements.","I am an AI Assistant, so I can’t view the website you’re referring to. However, here are some general tips for improving website design:

1. Ensure the layout is attractive and consistent across the entire site.  
2. Make the site easy to navigate with clear menus and well‑organized content.  
3. Use high‑quality images and graphics to add visual interest.  
4. Optimize the site for mobile devices to improve the experience for visitors accessing it on phones or tablets.  
5. Improve page‑load speed to reduce bounce rates and keep visitors engaged.  
6. Use white space effectively to create a clean, uncluttered look.  
7. Ensure the typography is readable, with a good balance between text and other elements.  
8. Include calls‑to‑action throughout the site to encourage user interaction.  
9. Regularly update and refresh the content to keep it relevant and interesting to visitors.  
10. Test the site with real users to identify any usability issues and make the necessary improvements.",3.985527753829956,0.7480992984245292,0.6552386753557526,0.582175901225766,0.5215664916363096,0.8383233532934133,0.680722891566265,0.8203592814371257,0.7380629152325303,0.8952323198318481,0.9021672010421753,0.8984151482582092
"Ang ika-5 ugat ng 32 ay 2, na maaaring isulat sa matematika bilang 32^(1/5) = 2.","The 5th root of 32 is 2, which can be mathematically written as 32^(1/5) = 2.","""The 5th root of 32 is 2, which can be written in mathematics as 32^(1/5) = 2.""",2.6060914993286133,0.7647058823529411,0.6913328984437151,0.6340512923306704,0.5749089871602278,0.9714285714285714,0.787878787878788,0.9142857142857143,0.859424515147674,0.8952323198318481,0.9021672010421753,0.8984151482582092
"Ang kasalukuyang pulitika ay maaaring makabuluhang makaapekto sa ekonomiya ng Estados Unidos sa maraming paraan. Ang mga patakaran at aksyon na ginawa ng gobyerno ay maaaring magkaroon ng direktang epekto sa katatagan ng pananalapi ng bansa, mga prospect ng paglago, at pangkalahatang pagganap ng ekonomiya. Narito ang ilan sa mga paraan na maaaring makaapekto ang kasalukuyang pulitika sa ekonomiya ng US: 1. Patakaran sa Piskal: Ang mga desisyong pampulitika tungkol sa pagbubuwis, paggasta ng gobyerno, at utang ng publiko ay maaaring makaapekto sa pangkalahatang pagganap ng ekonomiya. Halimbawa, ang mga pagbawas sa buwis ay maaaring magpataas ng disposable income, na humahantong sa pagtaas ng paggasta ng consumer, na nagtutulak ng paglago ng ekonomiya. Sa kabilang banda, ang pagbawas sa paggasta ng gobyerno ay maaaring makapagpabagal sa ekonomiya. 2. Patakaran sa Kalakalan: Ang kasalukuyang klimang pampulitika ay maaaring makaimpluwensya sa mga relasyon sa kalakalan sa pagitan ng US at iba pang mga bansa. Kung magpasya ang gobyerno na magpataw ng mga taripa o makisali sa mga patakarang proteksyonista, maaari itong humantong sa mga digmaang pangkalakalan, na negatibong nakakaapekto sa ekonomiya. Sa kabilang banda, ang mga kasunduan sa libreng kalakalan ay maaaring mapalakas ang paglago ng ekonomiya sa pamamagitan ng pagbubukas ng mga bagong merkado para sa mga negosyo ng US. 3. Monetary Policy: Ang mga desisyong ginawa ng Federal Reserve, isang independiyenteng ahensya, ay maaaring makaapekto nang malaki sa ekonomiya. Gayunpaman, maaaring maimpluwensyahan ng pulitika ang mga desisyong ito - halimbawa, sa pamamagitan ng paghirang ng mga gobernador ng Federal Reserve. Ang mga desisyon sa patakaran sa pananalapi, tulad ng mga pagbabago sa rate ng interes o quantitative easing, ay maaaring makaapekto sa inflation, rate ng kawalan ng trabaho, at paglago ng ekonomiya. 4. Regulasyon: Ang paninindigan ng pamahalaan sa regulasyon ay maaaring makaapekto sa kapaligiran ng pagpapatakbo ng mga negosyo, na humahantong sa alinman sa paglago o pagwawalang-kilos. Halimbawa, ang deregulasyon ng ilang mga industriya ay maaaring magpasigla sa aktibidad ng ekonomiya, na humahantong sa paglago. Sa kabilang banda, ang sobrang regulasyon ay maaaring makapigil sa negosyo, na nagpapabagal sa ekonomiya. 5. Katatagang Pampulitika: Ang isang matatag na klima sa politika ay mahalaga para sa paglago ng ekonomiya. Ang mga kawalan ng katiyakan sa pulitika, tulad ng mga pagsasara ng gobyerno o mga salungatan sa pagitan ng iba't ibang sangay ng gobyerno, ay maaaring negatibong makaapekto sa kumpiyansa sa negosyo, na humahantong sa mga pinababang pamumuhunan, mabagal na paglago, at, sa matinding mga kaso, pag-urong. Sa buod, ang mga aksyon at desisyon ng gobyerno, mga patakaran sa kalakalan, patakaran sa pananalapi, regulasyon, at katatagan ng pulitika ay mga kritikal na paraan kung saan maaaring maimpluwensyahan ng kasalukuyang pulitika ang ekonomiya ng Estados Unidos.","Current politics can significantly affect the economy of the United States in several ways. Policies and actions taken by the government can have a direct impact on the country's financial stability, growth prospects, and overall economic performance. Here are some of the ways that current politics can impact the US economy:1. Fiscal Policy: Political decisions concerning taxation, government spending, and public debt could affect the economy's overall performance. For instance, tax cuts could increase disposable income, leading to increased consumer spending, driving economic growth. On the other hand, reduced government spending could slow down the economy.2. Trade Policy: The current political climate could influence trade relations between the US and other countries. If the government decides to impose tariffs or engage in protectionist policies, it could lead to trade wars, negatively impacting the economy. On the other hand, free trade agreements could boost economic growth by opening up new markets for US businesses.3. Monetary Policy: Decisions made by the Federal Reserve, an independent agency, could significantly affect the economy. However, politics could influence these decisions - for example, through the appointment of Federal Reserve governors. Monetary policy decisions, such as interest rate changes or quantitative easing, could impact inflation, unemployment rate, and economic growth.4. Regulation: The government's stance on regulation could affect businesses' operating environment, leading to either growth or stagnation. For instance, the deregulation of certain industries could stimulate economic activity, leading to growth. On the other hand, over-regulation could stifle business, slowing down the economy.5. Political Stability: A stable political climate is essential for economic growth. Political uncertainties, such as government shutdowns or conflicts between different branches of government, could negatively affect business confidence, leading to reduced investments, slow growth, and, in extreme cases, recession.In summary, the government's actions and decisions, trade policies, monetary policy, regulation, and political stability are critical ways through which current politics could influence the economy of the United States.",,8.134995460510254,0.0,0.0,0.0,0.0,0.0,0.0,0.0,0.0,0.8952323198318481,0.9021672010421753,0.8984151482582092
Gumawa ng wastong tambalang pangungusap mula sa mga ibinigay na sugnay.,Create a valid compound sentence from the given clauses.,Create a correct compound sentence from the given clauses.,2.5705995559692383,0.8888888888888888,0.816496580927726,0.7249202486685947,0.6606328636027614,0.8888888888888888,0.75,0.8888888888888888,0.8819444444444444,0.8952323198318481,0.9021672010421753,0.8984151482582092
Bumuo ng maikling kwento na may ibinigay na input.,Compose a short story with the provided input.,Create a short story using the given input.,1.6918799877166748,0.625,0.42257712736425823,0.3098990471205467,0.1561969968460128,0.625,0.2857142857142857,0.625,0.5575,0.8952323198318481,0.9021672010421753,0.8984151482582092
Anong uri ng pangungusap ang ibinigay na halimbawa?,What type of sentence is the given example?,What type of sentence is the given example?,1.6370010375976562,1.0,1.0,1.0,1.0,1.0,1.0,1.0,0.9990234375,0.8952323198318481,0.9021672010421753,0.8984151482582092
"Upang lumikha ng isang 3-dimensional na talahanayan, dapat magbigay ng karagdagang data at karagdagang mga tagubilin. Ang isang 3-dimensional na talahanayan ay mangangailangan ng hindi bababa sa tatlong axis o attribute para sa set ng data. Ang ibinigay na data ay mayroon lamang isang dimensyon (mga uri ng prutas) na naglalaman ng tatlong elemento: Apple, Saging, Kiwi. Upang ilarawan, maaaring umiral ang isang 3-dimensional na talahanayan kung ang data tungkol sa isa pang dalawang dimensyon ay ibinigay, gaya ng lokasyon ng Store at Buwan. Pagkatapos, maaaring gumawa ng 3-dimensional na talahanayan na nagpapakita ng pagbebenta ng bawat prutas (Mansanas, Saging, Kiwi) bawat lokasyon ng tindahan bawat buwan. Kung wala itong karagdagang data at mga detalye, hindi makakagawa ng 3-dimensional na talahanayan kasama ang kasalukuyang ibinigay na data.","To create a 3-dimensional table, additional data and further instructions must be provided. A 3-dimensional table would require at least three axes or attributes for the data set. The given data has only one dimension (fruit types) containing three elements: Apple, Banana, Kiwi. To illustrate, a 3-dimensional table could exist if data regarding another two dimensions was provided, such as Store location and Month. Then, a 3-dimensional table could be created displaying the sale of each fruit (Apple, Banana, Kiwi) per store location per month. Without this additional data and specifications, a 3-dimensional table cannot be created with the currently provided data.",,4.421919345855713,0.0,0.0,0.0,0.0,0.0,0.0,0.0,0.0,0.8952323198318481,0.9021672010421753,0.8984151482582092
"Oo naman! Narito ang tatlong aklat na maaaring interesado ka: 1. ""Sapiens: A Brief History of Humankind"" ni Yuval Noah Harari 2. ""The Great Gatsby"" ni F. Scott Fitzgerald 3. ""Pride and Prejudice"" ni Jane Austen","Sure! Here are three books that might interest you: 1. ""Sapiens: A Brief History of Humankind"" by Yuval Noah Harari2. ""The Great Gatsby"" by F. Scott Fitzgerald 3. ""Pride and Prejudice"" by Jane Austen","Of course! Here are three books you might be interested in:

1. **Sapiens: A Brief History of Humankind** by Yuval Noah Harari  
2. **The Great Gatsby** by F. Scott Fitzgerald  
3. **Pride and Prejudice** by Jane Austen",3.1540920734405518,0.6216216216216216,0.4916723926983716,0.3961339252198633,0.2924332807580828,0.8732394366197184,0.7246376811594203,0.8450704225352113,0.6744007126660189,0.8952323198318481,0.9021672010421753,0.8984151482582092
Ikategorya ang pinakamataas na taluktok sa mundo sa kani-kanilang mga hanay ng bundok.,Categorize the world's highest peaks into their respective mountain ranges.,Categorize the highest peaks in the world by their respective mountain ranges.,2.9086804389953613,0.6666666666666666,0.5504818825631803,0.39280048793632477,0.28646290158800986,0.7826086956521738,0.5714285714285713,0.6956521739130435,0.7352941176470589,0.8952323198318481,0.9021672010421753,0.8984151482582092
"Ang least common multiple (LCM) ng tatlong numero ay ang pinakamaliit na numero na pantay na nahahati sa lahat ng tatlong numero. Sa kasong ito, upang mahanap ang LCM ng 3, 4, at 7, maaari naming ilista ang mga multiple ng bawat numero hanggang sa makakita kami ng multiple na karaniwan sa lahat ng tatlo: Multiples ng 3: 3, 6, 9, 12, 15 , 18, 21, 24, 27, 30, **42**, ... Multiple ng 4: 4, 8, 12, 16, 20, 24, 28, 32, 36, 40, **42**, ... Multiples ng 7: 7, 14, 21, 28, 35, **42**, ... Tulad ng makikita mo mula sa listahan sa itaas, ang pinakamaliit na bilang na nahahati sa 3, 4, at 7 ay 42 . Samakatuwid, ang LCM ng 3, 4, at 7 ay **42**.","The least common multiple (LCM) of three numbers is the smallest number that is evenly divisible by all three numbers. In this case, to find the LCM of 3, 4, and 7, we can list out the multiples of each number until we find a multiple that is common to all three:Multiples of 3: 3, 6, 9, 12, 15, 18, 21, 24, 27, 30, **42**, ...Multiples of 4: 4, 8, 12, 16, 20, 24, 28, 32, 36, 40, **42**, ...Multiples of 7: 7, 14, 21, 28, 35, **42**, ...As you can see from the above list, the smallest number that is divisible by 3, 4, and 7 is 42. Therefore, the LCM of 3, 4, and 7 is **42**.","The least common multiple (LCM) of three numbers is the smallest number that is evenly divisible by all three numbers. In this case, to find the LCM of 3, 4, and 7, we can list the multiples of each number until we find a multiple common to all three:

- Multiples of 3: 3, 6, 9, 12, 15, 18, 21, 24, 27, 30, **42**, …
- Multiples of 4: 4, 8, 12, 16, 20, 24, 28, 32, 36, 40, **42**, …
- Multiples of 7: 7, 14, 21, 28, 35, **42**, …

As you can see from the list above, the smallest number that is divisible by 3, 4, and 7 is 42. Therefore, the LCM of 3, 4, and 7 is **42**.",5.00151801109314,0.8943089430894309,0.8646970103060072,0.8343663859082511,0.8032429099564855,0.9873417721518987,0.9531914893617022,0.9789029535864978,0.9201050015919819,0.8952323198318481,0.9021672010421753,0.8984151482582092
Bumuo ng isang HTML na pahina mula sa simula na nagpapakilala ng isang tindahan ng alagang hayop.,Develop an HTML page from scratch introducing a pet store.,Create an HTML page from scratch that introduces a pet store.,2.603872776031494,0.7272727272727273,0.6605782590758164,0.5788357480954934,0.46924700641056,0.8571428571428572,0.7368421052631577,0.8571428571428572,0.8861997310842195,0.8952323198318481,0.9021672010421753,0.8984151482582092
"Ang isang positibong aspeto ng kasalukuyang mundo ay ang mga pagsulong na nagawa sa teknolohiyang medikal. Ang mga pagsulong na ito ay nagpabuti ng buhay ng mga tao, nagbigay-daan para sa mga sakit na matukoy nang mas maaga, at nagresulta sa mas mahusay na paggamot para sa maraming mga kondisyon ng kalusugan. Ito ay humantong sa isang pangkalahatang pagpapabuti sa kalidad ng buhay para sa mga tao sa buong mundo. Bukod pa rito, ang pagbuo ng mga bakuna ay nakatulong sa pagkontrol sa pagkalat ng iba't ibang sakit, at kapansin-pansing naging epektibo sa pagkontrol sa pandemyang COVID-19.","One positive aspect of the current world is the advancements that have been made in medical technology. These advancements have improved people's lives, allowed for illnesses to be diagnosed earlier, and resulted in better treatment for many health conditions. This has led to an overall improvement in the quality of life for people all over the world. Additionally, the development of vaccines has helped control the spread of various diseases, and have notably been effective in controlling the COVID-19 pandemic.",,2.946070909500122,0.0,0.0,0.0,0.0,0.0,0.0,0.0,0.0,0.8952323198318481,0.9021672010421753,0.8984151482582092
Magbigay ng dalawang pakinabang at dalawang disadvantage tungkol sa ibinigay na sitwasyon.,Provide two advantages and two disadvantages regarding the given scenario.,Provide two advantages and two disadvantages concerning the given situation.,2.622860908508301,0.8,0.7302967433402215,0.6436595897370865,0.5814307369682193,0.8000000000000002,0.6666666666666666,0.8000000000000002,0.7937500000000002,0.8952323198318481,0.9021672010421753,0.8984151482582092
Tukuyin ang tatlong estratehiya upang makatipid ng enerhiya.,Identify three strategies to conserve energy.,Identify the three strategies to save energy.,1.5409016609191895,0.7142857142857143,0.48795003647426655,0.3624601243342975,0.18575057999133598,0.7692307692307692,0.3636363636363636,0.7692307692307692,0.7311475409836065,0.8952323198318481,0.9021672010421753,0.8984151482582092
"Ang trabaho ay nangangailangan ng mahusay na pagtutulungan ng magkakasama, komunikasyon, interpersonal at mga kasanayan sa paglutas ng problema, pati na rin ang karanasan sa pag-coordinate ng mga proyekto.","The job demands great teamwork, communication, interpersonal and problem-solving skills, as well as experience in coordinating projects.","The job requires excellent teamwork, communication, interpersonal and problem‑solving skills, as well as experience in coordinating projects.",2.731081962585449,0.8235294117647058,0.7524469885568253,0.6708882436841676,0.5997820163128024,0.8888888888888888,0.8235294117647058,0.8888888888888888,0.8194777911164465,0.8952323198318481,0.9021672010421753,0.8984151482582092
Ano ang pangalan ng unang satellite na ipinadala sa kalawakan?,What was the name of the first satellite to be sent into space?,What is the name of the first satellite sent into space?,2.651491641998291,0.757957198250164,0.66510474218127,0.5895423164014201,0.5030989330530423,0.8333333333333333,0.6363636363636365,0.8333333333333333,0.8387138429752066,0.8952323198318481,0.9021672010421753,0.8984151482582092
PUMILI * MULA SA mga customer KUNG SAAN ang petsa SA PAGITAN ng [start_date] AT [end_date];,SELECT * FROM customersWHERE date BETWEEN [start_date] AND [end_date];,SELECT * FROM customers WHERE date BETWEEN [start_date] AND [end_date];,2.808628559112549,0.8,0.7302967433402215,0.6436595897370865,0.5253819788848316,0.8571428571428572,0.7368421052631577,0.8571428571428572,0.8722527472527472,0.8952323198318481,0.9021672010421753,0.8984151482582092
Ihambing at ihambing ang Java at JavaScript,Compare and contrast Java and JavaScript,Compare Java and JavaScript.,2.6791484355926514,0.45489799478447507,0.30326532985631666,0.14076329686829758,0.11404605374835301,0.8,0.5,0.8,0.4406130268199233,0.8952323198318481,0.9021672010421753,0.8984151482582092
"1. Pag-init ng mundo at pagtaas ng temperatura: Ang karaniwang temperatura ng Earth ay patuloy na tumataas sa nakalipas na siglo dahil sa pagkasunog ng mga fossil fuel, deforestation, at iba pang aktibidad ng tao. Nagdudulot ito ng mga problema tulad ng mga heatwave, pagkawala ng yelo sa dagat, at pagtaas ng lebel ng dagat, na nakakaapekto sa mga ecosystem at mga pamayanan ng tao. 2. Matitinding pangyayari sa panahon: Maaaring pataasin ng pagbabago ng klima ang dalas at tindi ng mga kaganapan sa matinding lagay ng panahon tulad ng mga bagyo, malakas na ulan, init, tagtuyot at baha, na nagreresulta sa mapangwasak na pinsala sa imprastraktura, agrikultura, at pagkawala ng buhay ng tao. 3. Mga banta sa biodiversity: Ang pagbabago ng klima ay lubhang nakakaapekto sa mga ecosystem ng planeta, na binabago ang pamamahagi at pag-uugali ng mga species ng hayop at halaman. Ang pag-init ng mga karagatan, pagkawala ng yelo sa dagat, at pagbabago ng mga pattern ng pag-ulan ay kapansin-pansing nakakaapekto sa mga tirahan, na nagiging sanhi ng pagbaba ng mga populasyon o kahit na pagkalipol ng ilang mga species. Ang pagkawala ng biodiversity ay maaaring magkaroon ng cascading effect sa buong ecosystem, sa huli ay nakakaapekto sa mga kabuhayan ng tao na umaasa sa mga natural na sistemang ito.","1. Global warming and rising temperatures: The average temperature of the Earth has been steadily increasing over the past century due to the burning of fossil fuels, deforestation, and other human activities. This is causing problems such as heatwaves, loss of sea ice, and rising sea levels, affecting ecosystems and human settlements alike.2. Extreme weather events: Climate change can increase the frequency and intensity of extreme weather events such as hurricanes, torrential rains, heatwaves, drought and floods, resulting in devastating damage to infrastructure, agriculture, and loss of human lives.3. Threats to biodiversity: Climate change is severely affecting the planet's ecosystems, altering the distribution and behavior of animal and plant species. Warming oceans, loss of sea ice, and shifting precipitation patterns are dramatically impacting habitats, causing declines in populations or even extinction of some species. The loss of biodiversity can have a cascading effect on entire ecosystems, ultimately affecting human livelihoods that depend on these natural systems.","1. **Global warming and rising temperatures:** The average temperature of Earth has been continuously increasing over the past century because of the burning of fossil fuels, deforestation, and other human activities. This causes problems such as heatwaves, loss of sea ice, and sea‑level rise, which affect ecosystems and human communities.

2. **Extreme weather events:** Climate change can increase the frequency and intensity of extreme weather events such as storms, heavy rain, heat, drought, and flooding, resulting in destructive damage to infrastructure, agriculture, and loss of human lives.

3. **Threats to biodiversity:** Climate change profoundly affects the planet’s ecosystems, altering the distribution and behavior of animal and plant species. Ocean warming, loss of sea ice, and changes in rainfall patterns noticeably impact habitats, leading to population declines or even extinction of some species. The loss of biodiversity can have cascading effects throughout ecosystems, ultimately affecting human livelihoods that depend on these natural systems.",3.363891839981079,0.7305205900652258,0.6476022652684099,0.5836329988629795,0.528431775131543,0.8881789137380192,0.7395498392282959,0.8562300319488818,0.7646157856173521,0.8952323198318481,0.9021672010421753,0.8984151482582092
"Ang pagpapanatili ng isang malusog na iskedyul ng pagtulog ay mahalaga para sa ilang mga kadahilanan. Una, nakakatulong ito na ayusin ang pang-araw-araw na cycle ng iyong katawan, na kilala bilang circadian rhythm. Ang pare-parehong iskedyul ng pagtulog ay nakakatulong na panatilihing nakahanay ang iyong panloob na orasan, na maaaring mapabuti ang kalidad ng iyong pagtulog at pangkalahatang kalusugan. Ang pagtulog ay mahalaga para sa pisikal at mental na kagalingan. Sa panahon ng pagtulog, inaayos ng katawan ang sarili nito at nagkakaroon ng bagong tissue. Ang sapat na tulog ay mahalaga para gumana nang maayos ang immune system, at para mabawasan ang panganib ng mga malalang kondisyon sa kalusugan, gaya ng sakit sa puso at diabetes. Ang isang malusog na iskedyul ng pagtulog ay mayroon ding maraming mga benepisyo para sa kalusugan ng isip. Ang pagtulog para sa inirerekomendang 7-9 na oras bawat gabi ay maaaring mapabuti ang memorya, konsentrasyon, at mga kasanayan sa paglutas ng problema. Nakakatulong din ito upang mabawasan ang stress, pagkabalisa at depresyon, at upang mapahusay ang pangkalahatang mood at emosyonal na regulasyon. Sa konklusyon, ang pagpapanatili ng isang malusog na iskedyul ng pagtulog ay mahalaga para sa pisikal at mental na kagalingan, at ito ay isang mahalagang bahagi ng isang malusog na pamumuhay, na mahalaga sa ating kaligayahan, at ang ating kakayahang gumanap sa ating pinakamahusay.","Maintaining a healthy sleep schedule is important for several reasons. Firstly, it helps to regulate your body's daily cycle, known as the circadian rhythm. A consistent sleep schedule helps to keep your internal clock aligned, which can improve the quality of your sleep and overall health.Sleep is essential for physical and mental well-being. During sleep, the body repairs itself and develops new tissue. Adequate sleep is critical for the immune system to function properly, and for reducing the risk of chronic health conditions, such as heart disease and diabetes.A healthy sleep schedule also has numerous benefits for mental health. Sleeping for the recommended 7-9 hours each night can improve memory, concentration, and problem-solving skills. It also helps to reduce stress, anxiety and depression, and to enhance overall mood and emotional regulation.In conclusion, maintaining a healthy sleep schedule is vital for physical and mental well-being, and is an essential component of a healthy lifestyle, which is fundamental to our happiness, and our ability to perform at our best.","Maintaining a healthy sleep schedule is important for several reasons. First, it helps regulate your body’s daily cycle, known as the circadian rhythm. A consistent sleep schedule keeps your internal clock aligned, which can improve the quality of your sleep and overall health. Sleep is essential for physical and mental well‑being. During sleep the body repairs itself and creates new tissue. Adequate sleep is necessary for the immune system to function properly and to reduce the risk of serious health conditions such as heart disease and diabetes. A healthy sleep schedule also has many benefits for mental health. Getting the recommended 7–9 hours of sleep each night can improve memory, concentration, and problem‑solving skills. It also helps lower stress, anxiety, and depression, and enhances overall mood and emotional regulation. In conclusion, maintaining a healthy sleep schedule is vital for physical and mental well‑being; it is a key part of a healthy lifestyle, essential to our happiness and our ability to perform at our best.",5.103845119476318,0.7962755517272875,0.7062888539722487,0.6230627039472515,0.5499258910563493,0.9127906976744186,0.8187134502923976,0.8953488372093023,0.730460599765603,0.8952323198318481,0.9021672010421753,0.8984151482582092
Ano ang ilang hamon sa distributed data storage?,What are some challenges with distributed data storage?,What are some challenges in distributed data storage?,2.415135622024536,0.875,0.7905694150420949,0.6786044041487267,0.5,0.875,0.7142857142857143,0.875,0.864795918367347,0.8952323198318481,0.9021672010421753,0.8984151482582092
Magmungkahi ng tatlong ideya para sa isang kawili-wiling laro sa mobile.,Suggest three ideas for an interesting mobile game.,Suggest three ideas for an interesting mobile game.,1.585066556930542,1.0,1.0,1.0,1.0,1.0,1.0,1.0,0.9990234375,0.8952323198318481,0.9021672010421753,0.8984151482582092
"Gumawa ng lohikal na pangungusap gamit ang mga salitang ito: [""payagan"", ""tulong"", ""ito"", ""pag-aaral"", ""machine"", ""to""]","Create a logical sentence using these words: [""allow"", ""help"", ""it"", ""learning"", ""machine"", ""to""]","Create a logical sentence using these words: [""payagan"", ""tulong"", ""ito"", ""pag-aaral"", ""machine"", ""to""].",2.918628454208374,0.6153846153846154,0.5547001962252291,0.5190764423474677,0.48633831680799433,0.6666666666666666,0.5599999999999999,0.6666666666666666,0.6105769230769231,0.8952323198318481,0.9021672010421753,0.8984151482582092
Ilarawan ang mga resulta ng survey sa malikhaing paraan.,Describe the results of the survey in a creative way.,Describe the survey results in a creative way.,2.563671350479126,0.7788007830714049,0.6582067953986983,0.482699241141128,0.3638074228571147,0.888888888888889,0.6250000000000001,0.7777777777777777,0.7653061224489797,0.8952323198318481,0.9021672010421753,0.8984151482582092
"""Mga sariwang sipa sa aking mga paa, nakatali nang mahigpit, naglalakad sa kalye, tama ang pakiramdam""","""Fresh kicks on my feet, laced up tight, walking down the street, feeling so right""","Fresh kicks on my feet, tightly strapped, walking the street, feeling just right.",2.8552935123443604,0.5276331810218101,0.4341633512128003,0.353242908394707,0.24794277351227223,0.7142857142857142,0.4615384615384615,0.7142857142857142,0.5262880067567567,0.8952323198318481,0.9021672010421753,0.8984151482582092
Bigyan mo ako ng isang halimbawa ng isang solusyon para sa pagtugon sa global warming.,Give me an example of a solution for addressing global warming.,Give me an example of a solution for addressing global warming.,2.480269193649292,1.0,1.0,1.0,1.0,1.0,1.0,1.0,0.9996243425995492,0.8952323198318481,0.9021672010421753,0.8984151482582092
"Batay sa datos mula sa United Nations, noong Hulyo 2021, ang nangungunang 10 bansa ayon sa populasyon ay: 1. China: 1.439 bilyon 2. India: 1.380 bilyon 3. United States: 331 milyon 4. Indonesia: 273 milyon 5. Pakistan: 225 milyon 6. Brazil: 213 milyon 7. Nigeria: 210 milyon 8. Bangladesh: 165 milyon 9. Russia: 145 milyon 10. Mexico: 128 milyon","Based on data from the United Nations, as of July 2021, the top 10 countries by population are:1. China: 1.439 billion2. India: 1.380 billion3. United States: 331 million4. Indonesia: 273 million5. Pakistan: 225 million6. Brazil: 213 million7. Nigeria: 210 million8. Bangladesh: 165 million9. Russia: 145 million10. Mexico: 128 million","Based on United Nations data, as of July 2021, the ten most‑populous countries are:

1. China – 1.439 billion  
2. India – 1.380 billion  
3. United States – 331 million  
4. Indonesia – 273 million  
5. Pakistan – 225 million  
6. Brazil – 213 million  
7. Nigeria – 210 million  
8. Bangladesh – 165 million  
9. Russia – 145 million  
10. Mexico – 128 million",2.9269590377807617,0.3230769230769231,0.1740358053345964,0.1129846140930163,0.08258935159104958,0.709090909090909,0.40740740740740744,0.6545454545454545,0.3511580047692157,0.8952323198318481,0.9021672010421753,0.8984151482582092
Bumuo ng isang headline para sa ibinigay na artikulo: Artikulo: Ang mga umuunlad na bansa ay nahihirapang ipatupad ang mga programa sa AI literacy sa kanilang kurikulum na pang-edukasyon.,Generate a headline for the given article:Article: Developing countries are struggling to implement AI literacy programs in their educational curricula.,"Create a headline for the given article:  
Article: Developing countries are struggling to implement AI‑literacy programs in their educational curriculum.",2.7403030395507812,0.75,0.6882472016116853,0.6187088159078515,0.537700339214563,0.9047619047619048,0.9,0.9047619047619048,0.747,0.8952323198318481,0.9021672010421753,0.8984151482582092
Pumili.,Choose.,Choose.,2.526524066925049,1.0,0.316227766016838,0.21544346900318845,0.1778279410038923,1.0,0.0,1.0,0.5,0.8952323198318481,0.9021672010421753,0.8984151482582092
"Oo naman! Kinakalkula ang simpleng interes gamit ang formula na `I = P * r * t`, kung saan ang `I` ay ang interes, ang `P` ay ang principal (unang halaga ng loan), ang `r` ay ang taunang rate ng interes, at ` t` ay ang tagal ng utang sa mga taon. Narito ang isang sample na script na kinakalkula ang simpleng interes sa utang na $10,000: ```python def simple_interest(principal, rate, time): interest = principal * rate * time return interest # define the principal, rate, and time values principal = 10000 rate = 0.05 # halimbawa, 5% annual interest rate time = 2 # ang loan ay para sa tagal ng 2 taon # tawagan ang simple_interest function at i-print ang resulta interes = simple_interest(principal, rate, time) print('The simple interes sa utang na $10,000 ay:', interes) ``` Ilalabas ng script na ito ang sumusunod: ``` Ang simpleng interes sa utang na $10,000 ay: 1000.0 ``` Nangangahulugan ito na ang simpleng interes sa utang na $10,000 na may taunang rate ng interes na 5% para sa tagal ng 2 taon ay $1,000. Siyempre, maaari mong baguhin ang mga halaga ng `principal`, `rate`, at `time` sa script upang kalkulahin ang simpleng interes para sa iba pang mga senaryo.","Sure! Simple interest is calculated using the formula `I = P * r * t`, where `I` is the interest, `P` is the principal (initial amount of the loan), `r` is the annual interest rate, and `t` is the duration of the loan in years.Here's a sample script that calculates the simple interest on a loan of $10,000:```pythondef simple_interest(principal, rate, time):    interest = principal * rate * time    return interest# define the principal, rate, and time valuesprincipal = 10000rate = 0.05 # for example, 5% annual interest ratetime = 2 # the loan is for a duration of 2 years# call the simple_interest function and print the resultinterest = simple_interest(principal, rate, time)print('The simple interest on a loan of $10,000 is:', interest)```This script will output the following:```The simple interest on a loan of $10,000 is: 1000.0```This means that the simple interest on a loan of $10,000 with an annual interest rate of 5% for a duration of 2 years is $1,000. Of course, you can modify the values of `principal`, `rate`, and `time` in the script to calculate the simple interest for other scenarios.","Sure! Simple interest is calculated with the formula `I = P * r * t`, where **I** is the interest, **P** is the principal (the original loan amount), **r** is the annual interest rate, and **t** is the loan term in years. Below is a sample script that computes the simple interest on a $10,000 loan:

```python
def simple_interest(principal, rate, time):
    interest = principal * rate * time
    return interest

# define the principal, rate, and time values
principal = 10000
rate = 0.05          # e.g., 5% annual interest rate
time",2.945371150970459,0.28788839293346585,0.24363654751689204,0.20970261114077096,0.17744297507248177,0.555956678700361,0.4218181818181818,0.5054151624548737,0.254722861526659,0.8952323198318481,0.9021672010421753,0.8984151482582092
"Kalkulahin ang halaga ng pagbili ng 3 mansanas, bawat isa ay nagkakahalaga ng $1.","Calculate the cost of purchasing 3 apples, each costing $1.","Calculate the cost of buying 3 apples, each priced at $1.",2.518455982208252,0.7272727272727273,0.6030226891555273,0.4948976031599528,0.3508439695638686,0.761904761904762,0.5263157894736842,0.761904761904762,0.8745874587458746,0.8952323198318481,0.9021672010421753,0.8984151482582092
"Ang unang artipisyal na satellite na inilunsad sa orbit ng Earth ay Sputnik 1. Inilunsad ito ng Unyong Sobyet noong Oktubre 4, 1957.","The first artificial satellite launched into Earth's orbit was Sputnik 1. It was launched by the Soviet Union on October 4, 1957.","The first artificial satellite launched into Earth’s orbit was Sputnik 1. It was launched by the Soviet Union on October 4, 1957.",2.658881902694702,0.9545454545454546,0.9293203772845852,0.9020901663423808,0.8725129388059689,1.0,1.0,1.0,0.9541331684188827,0.8952323198318481,0.9021672010421753,0.8984151482582092
"I-edit ang pangungusap upang gawin itong tama sa gramatika, at ibigay sa akin ang binagong pangungusap.","Edit the sentence to make it grammatically correct, and give me the revised sentence.","Edit the sentence to make it grammatically correct, and give me the revised sentence.",2.52364182472229,1.0,1.0,1.0,1.0,1.0,1.0,1.0,0.9998177842565598,0.8952323198318481,0.9021672010421753,0.8984151482582092
Bumuo ng iskedyul ng paglilinis para sa isang opisina.,Generate a cleaning schedule for an office.,Create a cleaning schedule for an office.,2.468189239501953,0.8571428571428571,0.8451542547285166,0.8298265333662435,0.8091067115702212,0.8571428571428571,0.8333333333333334,0.8571428571428571,0.8551587301587302,0.8952323198318481,0.9021672010421753,0.8984151482582092
"Paksa: Marka ng Sentiment ng Pagtatanong ng Customer: Neutral, 0.0 (Sa sukat na -1 hanggang +1)","Topic: Customer InquirySentiment Score: Neutral, 0.0 (On a scale of -1 to +1)","Subject: Customer Inquiry Sentiment Score: Neutral, 0.0 (on a scale of -1 to +1)",2.6123037338256836,0.7857142857142857,0.7375337578416624,0.7131116242887028,0.6930977286178778,0.8275862068965518,0.7407407407407408,0.8275862068965518,0.8371711563939183,0.8952323198318481,0.9021672010421753,0.8984151482582092
"""Nakakapanabik na Balita: Ipinapakilala ang Aming Pinakabagong Produkto!""","""Exciting News: Introducing Our Latest Product!""",Exciting news: Introducing our newest product!,2.540238618850708,0.5,0.447213595499958,0.3684031498640387,0.20205155046766235,0.8333333333333334,0.6,0.8333333333333334,0.49074074074074076,0.8952323198318481,0.9021672010421753,0.8984151482582092
"Ang tamang salita mula sa listahan ay ""napapaso"". Ang pangungusap ay mababasa: Ang nagliliyab na araw ay masyadong nakakapaso.","The correct word from the list is ""scorching"". The sentence would read: The blazing sun was too scorching to bear.",The correct word from the list is “napapaso.” The sentence reads: “The blazing sun is too scorching.”,2.77120041847229,0.5916871287691764,0.4979789232474646,0.41072722289996844,0.3589120626864888,0.8108108108108107,0.6285714285714286,0.8108108108108107,0.4806472081218274,0.8952323198318481,0.9021672010421753,0.8984151482582092
"""Itaas ang iyong pananabik sa aming nakabatay sa halaman, walang kasalanan na vegan na meryenda!""","""Elevate your cravings with our plant-based, guilt-free vegan snacks!""","Elevate your craving for our plant‑based, guilt‑free vegan snack!",2.788914680480957,0.3333333333333333,0.06454972243679029,0.039044833280954025,0.03155984539112946,0.9090909090909091,0.8000000000000002,0.9090909090909091,0.3506944444444444,0.8952323198318481,0.9021672010421753,0.8984151482582092
Palitan ang placeholder ng angkop na termino.,Replace the placeholder with a suitable term.,Replace the placeholder with an appropriate term.,2.459774971008301,0.7142857142857143,0.5976143046671969,0.5227579585747103,0.4347208719449914,0.7142857142857143,0.5,0.7142857142857143,0.6914285714285714,0.8952323198318481,0.9021672010421753,0.8984151482582092
Inayos niya ba lahat ng gamit niya?,Did she organize all her belongings?,Did he/she arrange all of his/her belongings?,2.5399954319000244,0.42857142857142855,0.08451542547285168,0.05227579585747104,0.043472087194499145,0.6666666666666667,0.15384615384615385,0.6666666666666667,0.24590163934426232,0.8952323198318481,0.9021672010421753,0.8984151482582092
Gumawa ng visual na representasyon ng mga epekto sa pagbabago ng klima sa Arctic,Create a visual representation of the climate change impacts on the Arctic,Create a visual representation of the effects of climate change in the Arctic.,2.477363348007202,0.6923076923076923,0.5883484054145521,0.5011627948853363,0.44082318755867267,0.8,0.6086956521739131,0.8,0.6800326497296194,0.8952323198318481,0.9021672010421753,0.8984151482582092
Ito ay isang tanong.,This is a question.,This is a question.,2.4482059478759766,1.0,1.0,1.0,1.0,1.0,1.0,1.0,0.9921875,0.8952323198318481,0.9021672010421753,0.8984151482582092
Sumulat ng isang sanaysay na nagpapaliwanag ng kahalagahan ng empatiya,Write an essay that explains the importance of empathy,Write an essay that explains the importance of empathy.,2.45542049407959,0.8888888888888888,0.8819171036881969,0.8735804647362988,0.8633400213704505,1.0,1.0,1.0,0.8880208333333333,0.8952323198318481,0.9021672010421753,0.8984151482582092
Magbigay ng halimbawa ng payak na pangungusap na sumusunod sa istrukturang paksa-pandiwa-bagay (SVO).,Give an example of a simple sentence that follows the subject-verb-object (SVO) structure.,Provide an example of a simple sentence that follows the subject‑verb‑object (SVO) structure.,2.730945348739624,0.8461538461538461,0.7966275068156915,0.7391603294586491,0.7016035864257111,0.9333333333333333,0.9285714285714286,0.9333333333333333,0.8436109345200256,0.8952323198318481,0.9021672010421753,0.8984151482582092
Magmungkahi ng paraan upang mapataas ang benta ng isang tindahan.,Suggest a way to increase the sales of a store.,Suggest ways to increase a store’s sales.,2.5085513591766357,0.37225089001774603,0.2010384577463796,0.08075213727439247,0.05411516285864537,0.7777777777777777,0.375,0.6666666666666665,0.4597938144329897,0.8952323198318481,0.9021672010421753,0.8984151482582092
